time,x,y,z,vx,vy,vz,phi,theta,psi,p,q,r,P_elec,Vt
0.0,0.0,0.0,-0.0004903315182636096,0.0,0.0,-0.09806610730603349,0.0,0.0,0.0,0.0,0.0,0.0,20.0,48.0
0.01,0.0,0.0,-0.0019593529859147506,0.0,0.0,-0.19573760034171112,0.0,0.0,0.0,0.0,0.0,0.0,20.00011285738403,48.0
0.02,0.0,0.0,-0.004401537588923856,0.0,0.0,-0.2926983533436397,0.0,0.0,0.0,0.0,0.0,0.0,20.000528770266722,48.0
0.03,0.0,0.0,-0.00780885255573227,0.0,0.0,-0.388763303448037,0.0,0.0,0.0,0.0,0.0,0.0,20.0012868632261,48.0
0.04,0.0,0.0,-0.012172328873700108,0.0,0.0,-0.483930264506975,0.0,0.0,0.0,0.0,0.0,0.0,20.002240629584794,48.0
0.05,0.0,0.0,-0.01748297598560078,0.0,0.0,-0.5781971136849035,0.0,0.0,0.0,0.0,0.0,0.0,20.003355895538956,48.0
0.06,0.0,0.0,-0.023731782420740612,0.0,0.0,-0.6715617910558221,0.0,0.0,0.0,0.0,0.0,0.0,20.00461195009857,48.0
0.07,0.0,0.0,-0.030909716421990675,0.0,0.0,-0.7640222991885908,0.0,0.0,0.0,0.0,0.0,0.0,20.00599448016253,48.0
0.08,0.0,0.0,-0.03900772656861347,0.0,0.0,-0.8555767027206318,0.0,0.0,0.0,0.0,0.0,0.0,20.007492822294893,48.0
0.09,0.0,0.0,-0.04801674239476967,0.0,0.0,-0.9462231279202848,0.0,0.0,0.0,0.0,0.0,0.0,20.009098631173757,48.0
0.1,0.0,0.0,-0.05792767500359275,0.0,0.0,-1.0359597622380692,0.0,0.0,0.0,0.0,0.0,0.0,20.010805143555324,48.0
0.11,0.0,0.0,-0.06873141767672183,0.0,0.0,-1.124784853847114,0.0,0.0,0.0,0.0,0.0,0.0,20.012606733317597,48.0
0.12,0.0,0.0,-0.08041884647918579,0.0,0.0,-1.2126967111730143,0.0,0.0,0.0,0.0,0.0,0.0,20.014498624322954,48.0
0.13,0.0,0.0,-0.09298082085953412,0.0,0.0,-1.2996937024133748,0.0,0.0,0.0,0.0,0.0,0.0,20.016476695638246,48.0
0.14,0.0,0.0,-0.10640818424511268,0.0,0.0,-1.3857742550472965,0.0,0.0,0.0,0.0,0.0,0.0,20.018537344081214,48.0
0.15,0.0,0.0,-0.12069176463238529,0.0,0.0,-1.4709368553350706,0.0,0.0,0.0,0.0,0.0,0.0,20.02067738405845,48.0
0.16,0.0,0.0,-0.13582237517220414,0.0,0.0,-1.5551800478083369,0.0,0.0,0.0,0.0,0.0,0.0,20.02289397260971,48.0
0.17,0.0,0.0,-0.1517908147499354,0.0,0.0,-1.6385024347509647,0.0,0.0,0.0,0.0,0.0,0.0,20.025184552042838,48.0
0.18,0.0,0.0,-0.16858786856034816,0.0,0.0,-1.7209026756709187,0.0,0.0,0.0,0.0,0.0,0.0,20.027546805181114,48.0
0.19,0.0,0.0,-0.18620430867717822,0.0,0.0,-1.8023794867633636,0.0,0.0,0.0,0.0,0.0,0.0,20.029978619866,48.0
0.2,0.0,0.0,-0.20463089461727998,0.0,0.0,-1.8829316403652694,0.0,0.0,0.0,0.0,0.0,0.0,20.0324780603901,48.0
0.21,0.0,0.0,-0.2238583738992831,0.0,0.0,-1.962557964401771,0.0,0.0,0.0,0.0,0.0,0.0,20.035043344211665,48.0
0.22,0.0,0.0,-0.24387748259667252,0.0,0.0,-2.041257341824539,0.0,0.0,0.0,0.0,0.0,0.0,20.037672822757603,48.0
0.23,0.0,0.0,-0.26467894588521346,0.0,0.0,-2.1190287100424183,0.0,0.0,0.0,0.0,0.0,0.0,20.04036496543565,48.0
0.24,0.0,0.0,-0.2862534785846449,0.0,0.0,-2.195871060344582,0.0,0.0,0.0,0.0,0.0,0.0,20.04311834619714,48.0
0.25,0.0,0.0,-0.3085917856945686,0.0,0.0,-2.271783437316462,0.0,0.0,0.0,0.0,0.0,0.0,20.04593163214979,48.0
0.26,0.0,0.0,-0.33168456292446197,0.0,0.0,-2.3467649382486977,0.0,0.0,0.0,0.0,0.0,0.0,20.04880357383508,48.0
0.27,0.0,0.0,-0.3555224972177469,0.0,0.0,-2.420814712539361,0.0,0.0,0.0,0.0,0.0,0.0,20.051732996869756,48.0
0.28,0.0,0.0,-0.3800962672698481,0.0,0.0,-2.493931961089694,0.0,0.0,0.0,0.0,0.0,0.0,20.05471879471486,48.0
0.29,0.0,0.0,-0.4053965440401772,0.0,0.0,-2.5661159356936185,0.0,0.0,0.0,0.0,0.0,0.0,20.057759922383866,48.0
0.3,0.0,0.0,-0.4314139912579824,0.0,0.0,-2.6373659384212487,0.0,0.0,0.0,0.0,0.0,0.0,20.06085539093876,48.0
0.31,0.0,0.0,-0.45813926592200355,0.0,0.0,-2.707681320996657,0.0,0.0,0.0,0.0,0.0,0.0,20.06400426265146,48.0
0.32,0.0,0.0,-0.48556301879387764,0.0,0.0,-2.777061484170129,0.0,0.0,0.0,0.0,0.0,0.0,20.067205646730656,48.0
0.33,0.0,0.0,-0.5136758948852402,0.0,0.0,-2.8455058770851487,0.0,0.0,0.0,0.0,0.0,0.0,20.070458695531837,48.0
0.34,0.0,0.0,-0.542468533938471,0.0,0.0,-2.9130139966403417,0.0,0.0,0.0,0.0,0.0,0.0,20.073762601182423,48.0
0.35000000000000003,0.0,0.0,-0.5719315709010354,0.0,0.0,-2.9795853868466198,0.0,0.0,0.0,0.0,0.0,0.0,20.077116592565318,48.0
0.36,0.0,0.0,-0.6020556363933731,0.0,0.0,-3.0452196381797476,0.0,0.0,0.0,0.0,0.0,0.0,20.080519932613395,48.0
0.37,0.0,0.0,-0.632831357170292,0.0,0.0,-3.109916386928567,0.0,0.0,0.0,0.0,0.0,0.0,20.083971915874834,48.0
0.38,0.0,0.0,-0.6642493565758225,0.0,0.0,-3.1736753145390986,0.0,0.0,0.0,0.0,0.0,0.0,20.08747186631547,48.0
0.39,0.0,0.0,-0.6963002549914935,0.0,0.0,-3.2364961469547464,0.0,0.0,0.0,0.0,0.0,0.0,20.091019135329248,48.0
0.4,0.0,0.0,-0.7289746702779919,0.0,0.0,-3.298378653952824,0.0,0.0,0.0,0.0,0.0,0.0,20.094613099932083,48.0
0.41000000000000003,0.0,0.0,-0.7622632182101696,0.0,0.0,-3.35932264847762,0.0,0.0,0.0,0.0,0.0,0.0,20.09825316111804,48.0
0.42,0.0,0.0,-0.7961565129053655,0.0,0.0,-3.419327985970217,0.0,0.0,0.0,0.0,0.0,0.0,20.101938742359444,48.0
0.43,0.0,0.0,-0.830645167245009,0.0,0.0,-3.4783945636952733,0.0,0.0,0.0,0.0,0.0,0.0,20.105669288235152,48.0
0.44,0.0,0.0,-0.8657197932894786,0.0,0.0,-3.536522320064978,0.0,0.0,0.0,0.0,0.0,0.0,20.10944426317325,48.0
0.45,0.0,0.0,-0.9013710026861853,0.0,0.0,-3.5937112339603816,0.0,0.0,0.0,0.0,0.0,0.0,20.11326315029617,48.0
0.46,0.0,0.0,-0.9375894070708582,0.0,0.0,-3.649961324050309,0.0,0.0,0.0,0.0,0.0,0.0,20.117125450357765,48.0
0.47000000000000003,0.0,0.0,-0.9743656184620072,0.0,0.0,-3.7052726481080462,0.0,0.0,0.0,0.0,0.0,0.0,20.12103068076309,48.0
0.48,0.0,0.0,-1.0116902496485425,0.0,0.0,-3.7596453023260015,0.0,0.0,0.0,0.0,0.0,0.0,20.124978374662856,48.0
0.49,0.0,0.0,-1.0495539145705315,0.0,0.0,-3.8130794206285326,0.0,0.0,0.0,0.0,0.0,0.0,20.128968080115346,48.0
0.5,0.0,0.0,-1.0879472286930758,0.0,0.0,-3.8655751739831263,0.0,0.0,0.0,0.0,0.0,0.0,20.132999359309498,48.0
0.51,0.0,0.0,-1.1268608093732915,0.0,0.0,-3.9171327697101193,0.0,0.0,0.0,0.0,0.0,0.0,20.137071787843514,48.0
0.52,0.0,0.0,-1.1662852762203813,0.0,0.0,-3.9677524507911373,0.0,0.0,0.0,0.0,0.0,0.0,20.141184954054008,48.0
0.53,0.0,0.0,-1.206211251448785,0.0,0.0,-4.0174344951764365,0.0,0.0,0.0,0.0,0.0,0.0,20.145338458391215,48.0
0.54,0.0,0.0,-1.246629360224399,0.0,0.0,-4.066179215091318,0.0,0.0,0.0,0.0,0.0,0.0,20.149531912836284,48.0
0.55,0.0,0.0,-1.2875302310038543,0.0,0.0,-4.113986956341791,0.0,0.0,0.0,0.0,0.0,0.0,20.153764940357075,48.0
0.56,0.0,0.0,-1.328904495866851,0.0,0.0,-4.160858097619648,0.0,0.0,0.0,0.0,0.0,0.0,20.15803717439924,48.0
0.5700000000000001,0.0,0.0,-1.3707427908415382,0.0,0.0,-4.206793049807117,0.0,0.0,0.0,0.0,0.0,0.0,20.162348258409743,48.0
0.58,0.0,0.0,-1.4130357562229416,0.0,0.0,-4.251792255281262,0.0,0.0,0.0,0.0,0.0,0.0,20.166697845390118,48.0
0.59,0.0,0.0,-1.455774036884433,0.0,0.0,-4.295856187218269,0.0,0.0,0.0,0.0,0.0,0.0,20.171085597477234,48.0
0.6,0.0,0.0,-1.4989482825822427,0.0,0.0,-4.33898534889779,0.0,0.0,0.0,0.0,0.0,0.0,20.175511185549336,48.0
0.61,0.0,0.0,-1.5425491482530171,0.0,0.0,-4.3811802730074865,0.0,0.0,0.0,0.0,0.0,0.0,20.179974288855473,48.0
0.62,0.0,0.0,-1.5865672943044231,0.0,0.0,-4.422441520947919,0.0,0.0,0.0,0.0,0.0,0.0,20.18447459466657,48.0
0.63,0.0,0.0,-1.630993386898803,0.0,0.0,-4.462769682137925,0.0,0.0,0.0,0.0,0.0,0.0,20.189011797946506,48.0
0.64,0.0,0.0,-1.6758180982298865,0.0,0.0,-4.502165373320628,0.0,0.0,0.0,0.0,0.0,0.0,20.1935856010418,48.0
0.65,0.0,0.0,-1.7210321067925678,0.0,0.0,-4.540629237870214,0.0,0.0,0.0,0.0,0.0,0.0,20.198195713388504,48.0
0.66,0.0,0.0,-1.7666260976457528,0.0,0.0,-4.578161945099593,0.0,0.0,0.0,0.0,0.0,0.0,20.202841851235178,48.0
0.67,0.0,0.0,-1.8125907626682893,0.0,0.0,-4.6147641895690965,0.0,0.0,0.0,0.0,0.0,0.0,20.20752373738075,48.0
0.68,0.0,0.0,-1.8589168008079895,0.0,0.0,-4.650436690396317,0.0,0.0,0.0,0.0,0.0,0.0,20.212241100926313,48.0
0.6900000000000001,0.0,0.0,-1.9055949183237566,0.0,0.0,-4.68518019056722,0.0,0.0,0.0,0.0,0.0,0.0,20.216993677039866,48.0
0.7000000000000001,0.0,0.0,-1.9526158290208304,0.0,0.0,-4.718995456248638,0.0,0.0,0.0,0.0,0.0,0.0,20.2217812067332,48.0
0.71,0.0,0.0,-1.999970254479164,0.0,0.0,-4.751883276102268,0.0,0.0,0.0,0.0,0.0,0.0,20.226603436650073,48.0
0.72,0.0,0.0,-2.04764892427495,0.0,0.0,-4.783844460600277,0.0,0.0,0.0,0.0,0.0,0.0,20.231460118865,48.0
0.73,0.0,0.0,-2.095642576195309,0.0,0.0,-4.814879841342624,0.0,0.0,0.0,0.0,0.0,0.0,20.236351010691976,48.0
0.74,0.0,0.0,-2.1439419564461635,0.0,0.0,-4.844990270376197,0.0,0.0,0.0,0.0,0.0,0.0,20.241275874502467,48.0
0.75,0.0,0.0,-2.1925378198533085,0.0,0.0,-4.87417661951587,0.0,0.0,0.0,0.0,0.0,0.0,20.246234477552168,48.0
0.76,0.0,0.0,-2.2414209300567074,0.0,0.0,-4.902439779667572,0.0,0.0,0.0,0.0,0.0,0.0,20.251226591815932,48.0
0.77,0.0,0.0,-2.290582059698025,0.0,0.0,-4.929780660153456,0.0,0.0,0.0,0.0,0.0,0.0,20.256251993830407,48.0
0.78,0.0,0.0,-2.340011990601425,0.0,0.0,-4.956200188039269,0.0,0.0,0.0,0.0,0.0,0.0,20.261310464543946,48.0
0.79,0.0,0.0,-2.3897015139476525,0.0,0.0,-4.9816993074639875,0.0,0.0,0.0,0.0,0.0,0.0,20.266401789173322,48.0
0.8,0.0,0.0,-2.4396414304414242,0.0,0.0,-5.006278978971815,0.0,0.0,0.0,0.0,0.0,0.0,20.271525757066854,48.0
0.81,0.0,0.0,-2.489822550472151,0.0,0.0,-5.029940178846617,0.0,0.0,0.0,0.0,0.0,0.0,20.276682161573664,48.0
0.8200000000000001,0.0,0.0,-2.540235694268017,0.0,0.0,-5.0526838984488665,0.0,0.0,0.0,0.0,0.0,0.0,20.281870799918572,48.0
0.8300000000000001,0.0,0.0,-2.5908716920434403,0.0,0.0,-5.074511143555156,0.0,0.0,0.0,0.0,0.0,0.0,20.287091473082473,48.0
0.84,0.0,0.0,-2.641721384139944,0.0,0.0,-5.0954229337003785,0.0,0.0,0.0,0.0,0.0,0.0,20.292343985687776,48.0
0.85,0.0,0.0,-2.69277562116046,0.0,0.0,-5.115420301522594,0.0,0.0,0.0,0.0,0.0,0.0,20.297628145888687,48.0
0.86,0.0,0.0,-2.744025264097099,0.0,0.0,-5.134504292110688,0.0,0.0,0.0,0.0,0.0,0.0,20.30294376526608,48.0
0.87,0.0,0.0,-2.7954611844524058,0.0,0.0,-5.152675962354844,0.0,0.0,0.0,0.0,0.0,0.0,20.30829065872666,48.0
0.88,0.0,0.0,-2.8470742643541382,0.0,0.0,-5.169936380299904,0.0,0.0,0.0,0.0,0.0,0.0,20.313668644406288,48.0
0.89,0.0,0.0,-2.898855396663593,0.0,0.0,-5.186286624501657,0.0,0.0,0.0,0.0,0.0,0.0,20.31907754357714,48.0
0.9,0.0,0.0,-2.9507954850775073,0.0,0.0,-5.201727783386105,0.0,0.0,0.0,0.0,0.0,0.0,20.3245171805586,48.0
0.91,0.0,0.0,-3.0028854442235726,0.0,0.0,-5.2162609546117595,0.0,0.0,0.0,0.0,0.0,0.0,20.329987382631632,48.0
0.92,0.0,0.0,-3.055116199749581,0.0,0.0,-5.229887244434987,0.0,0.0,0.0,0.0,0.0,0.0,20.335487979956493,48.0
0.93,0.0,0.0,-3.1074786884062453,0.0,0.0,-5.242607767078466,0.0,0.0,0.0,0.0,0.0,0.0,20.341018805493626,48.0
0.9400000000000001,0.0,0.0,-3.1599638581237173,0.0,0.0,-5.254423644102774,0.0,0.0,0.0,0.0,0.0,0.0,20.346579694927524,48.0
0.9500000000000001,0.0,0.0,-3.212562668081837,0.0,0.0,-5.265336003781138,0.0,0.0,0.0,0.0,0.0,0.0,20.352170486593515,48.0
0.96,0.0,0.0,-3.265266088774147,0.0,0.0,-5.27534598047738,0.0,0.0,0.0,0.0,0.0,0.0,20.35779102140722,48.0
0.97,0.0,0.0,-3.318065102065701,0.0,0.0,-5.28445471402708,0.0,0.0,0.0,0.0,0.0,0.0,20.363441142796653,48.0
0.98,0.0,0.0,-3.370950701244701,0.0,0.0,-5.292663349121979,0.0,0.0,0.0,0.0,0.0,0.0,20.369120696636767,48.0
0.99,0.0,0.0,-3.423913891067995,0.0,0.0,-5.299973034697639,0.0,0.0,0.0,0.0,0.0,0.0,20.374829531186375,48.0
1.0,0.0,0.0,-3.476945687800466,0.0,0.0,-5.3063849233243765,0.0,0.0,0.0,0.0,0.0,0.0,20.380567497027332,48.0
1.01,0.0,0.0,-3.5300371192483486,0.0,0.0,-5.311900170601488,0.0,0.0,0.0,0.0,0.0,0.0,20.386334447005847,48.0
1.02,0.0,0.0,-3.5831792247865035,0.0,0.0,-5.316519934554769,0.0,0.0,0.0,0.0,0.0,0.0,20.392130236175877,48.0
1.03,0.0,0.0,-3.6363630553796837,0.0,0.0,-5.320245375037335,0.0,0.0,0.0,0.0,0.0,0.0,20.397954721744455,48.0
1.04,0.0,0.0,-3.6895796735978266,0.0,0.0,-5.323077653133758,0.0,0.0,0.0,0.0,0.0,0.0,20.40380776301891,48.0
1.05,0.0,0.0,-3.7428201536254013,0.0,0.0,-5.325017930567504,0.0,0.0,0.0,0.0,0.0,0.0,20.40968922135589,48.0
1.06,0.0,0.0,-3.79607558126485,0.0,0.0,-5.326067369111687,0.0,0.0,0.0,0.0,0.0,0.0,20.41559896011207,48.0
1.07,0.0,0.0,-3.8493370539341516,0.0,0.0,-5.326227130003124,0.0,0.0,0.0,0.0,0.0,0.0,20.42153684459654,48.0
1.08,0.0,0.0,-3.9025964899290884,0.0,0.0,-5.325660192279639,0.0,0.0,0.0,0.0,0.0,0.0,20.426413883081302,48.0
1.09,0.0,0.0,-3.9558473536506145,0.0,0.0,-5.324512801515414,0.0,0.0,0.0,0.0,0.0,0.0,20.430328955958768,48.0
1.1,0.0,0.0,-4.009084425670497,0.0,0.0,-5.322901952635021,0.0,0.0,0.0,0.0,0.0,0.0,20.433469590572162,48.0
1.11,0.0,0.0,-4.062303539480968,0.0,0.0,-5.320921239890765,0.0,0.0,0.0,0.0,0.0,0.0,20.435987573584008,48.0
1.12,0.0,0.0,-4.115501370893309,0.0,0.0,-5.318645536915771,0.0,0.0,0.0,0.0,0.0,0.0,20.438005457323918,48.0
1.1300000000000001,0.0,0.0,-4.168675269556128,0.0,0.0,-5.316134740809075,0.0,0.0,0.0,0.0,0.0,0.0,20.439621999106024,48.0
1.1400000000000001,0.0,0.0,-4.22182312416974,0.0,0.0,-5.3134367674286365,0.0,0.0,0.0,0.0,0.0,0.0,20.440916661012373,48.0
1.1500000000000001,0.0,0.0,-4.274943254657603,0.0,0.0,-5.310589947639798,0.0,0.0,0.0,0.0,0.0,0.0,20.44195330385423,48.0
1.16,0.0,0.0,-4.3280343259035154,0.0,0.0,-5.307624944321561,0.0,0.0,0.0,0.0,0.0,0.0,20.442783202185367,48.0
1.17,0.0,0.0,-4.381095278741469,0.0,0.0,-5.304566285975196,0.0,0.0,0.0,0.0,0.0,0.0,20.443447494409558,48.0
1.18,0.0,0.0,-4.434125274747654,0.0,0.0,-5.301433593612466,0.0,0.0,0.0,0.0,0.0,0.0,20.443979167145407,48.0
1.19,0.0,0.0,-4.487123652074191,0.0,0.0,-5.298242562266292,0.0,0.0,0.0,0.0,0.0,0.0,20.444404658204146,48.0
1.2,0.0,0.0,-4.540089890116241,0.0,0.0,-5.29500574619872,0.0,0.0,0.0,0.0,0.0,0.0,20.444745148856224,48.0
1.21,0.0,0.0,-4.593023581245815,0.0,0.0,-5.291733187066442,0.0,0.0,0.0,0.0,0.0,0.0,20.44501760395689,48.0
1.22,0.0,0.0,-4.645924408198922,0.0,0.0,-5.288432916452269,0.0,0.0,0.0,0.0,0.0,0.0,20.44523560807968,48.0
1.23,0.0,0.0,-4.698792125985397,0.0,0.0,-5.285111357889392,0.0,0.0,0.0,0.0,0.0,0.0,20.445410037000702,48.0
1.24,0.0,0.0,-4.751626547416847,0.0,0.0,-5.281773648479943,0.0,0.0,0.0,0.0,0.0,0.0,20.445549596533926,48.0
1.25,0.0,0.0,-4.804427531529091,0.0,0.0,-5.278423896189108,0.0,0.0,0.0,0.0,0.0,0.0,20.445661254653093,48.0
1.26,0.0,0.0,-4.857194974320193,0.0,0.0,-5.275065385679765,0.0,0.0,0.0,0.0,0.0,0.0,20.44575058786311,48.0
1.27,0.0,0.0,-4.909928801340951,0.0,0.0,-5.271700742979666,0.0,0.0,0.0,0.0,0.0,0.0,20.445822058728233,48.0
1.28,0.0,0.0,-4.962628961767356,0.0,0.0,-5.26833206721472,0.0,0.0,0.0,0.0,0.0,0.0,20.44587923817033,48.0
1.29,0.0,0.0,-5.015295423658625,0.0,0.0,-5.2649610359952455,0.0,0.0,0.0,0.0,0.0,0.0,20.445924983483934,48.0
1.3,0.0,0.0,-5.067928170163673,0.0,0.0,-5.261588989724662,0.0,0.0,0.0,0.0,0.0,0.0,20.445961580861123,48.0
1.31,0.0,0.0,-5.120527196486356,0.0,0.0,-5.25821699904619,0.0,0.0,0.0,0.0,0.0,0.0,20.445990859483697,48.0
1.32,0.0,0.0,-5.1730925074577145,0.0,0.0,-5.254845918799996,0.0,0.0,0.0,0.0,0.0,0.0,20.44601428284307,48.0
1.33,0.0,0.0,-5.2256241155938135,0.0,0.0,-5.251476431188742,0.0,0.0,0.0,0.0,0.0,0.0,20.446033021825805,48.0
1.34,0.0,0.0,-5.27812203954207,0.0,0.0,-5.248109080309879,0.0,0.0,0.0,0.0,0.0,0.0,20.44604801320094,48.0
1.35,0.0,0.0,-5.330586302838356,0.0,0.0,-5.244744299781368,0.0,0.0,0.0,0.0,0.0,0.0,20.446060006421977,48.0
1.36,0.0,0.0,-5.383016932912736,0.0,0.0,-5.241382434842155,0.0,0.0,0.0,0.0,0.0,0.0,20.446069601076193,48.0
1.37,0.0,0.0,-5.43541396029409,0.0,0.0,-5.238023760032482,0.0,0.0,0.0,0.0,0.0,0.0,20.4460772768491,48.0
1.3800000000000001,0.0,0.0,-5.487777417973869,0.0,0.0,-5.234668493338058,0.0,0.0,0.0,0.0,0.0,0.0,20.44608341749912,48.0
1.3900000000000001,0.0,0.0,-5.540107340897136,0.0,0.0,-5.231316807505342,0.0,0.0,0.0,0.0,0.0,0.0,20.44608833003943,48.0
1.4000000000000001,0.0,0.0,-5.592403765555442,0.0,0.0,-5.2279688390937284,0.0,0.0,0.0,0.0,0.0,0.0,20.446092260084658,48.0
1.41,0.0,0.0,-5.644666729661177,0.0,0.0,-5.224624695717247,0.0,0.0,0.0,0.0,0.0,0.0,20.44609540412915,48.0
1.42,0.0,0.0,-5.696896271887083,0.0,0.0,-5.221284461837889,0.0,0.0,0.0,0.0,0.0,0.0,20.446097919370064,48.0
1.43,0.0,0.0,-5.7490924316579175,0.0,0.0,-5.217948203400241,0.0,0.0,0.0,0.0,0.0,0.0,20.446099931566195,48.0
1.44,0.0,0.0,-5.801255248983818,0.0,0.0,-5.214615971539164,0.0,0.0,0.0,0.0,0.0,0.0,20.44610154132528,48.0
1.45,0.0,0.0,-5.853384764327039,0.0,0.0,-5.211287805545905,0.0,0.0,0.0,0.0,0.0,0.0,20.446102829133945,48.0
1.46,0.0,0.0,-5.905481018495386,0.0,0.0,-5.207963735240975,0.0,0.0,0.0,0.0,0.0,0.0,20.446103859381765,48.0
1.47,0.0,0.0,-5.9575440525569965,0.0,0.0,-5.204643782872424,0.0,0.0,0.0,0.0,0.0,0.0,20.446104683580593,48.0
1.48,0.0,0.0,-6.009573907772215,0.0,0.0,-5.201327964634443,0.0,0.0,0.0,0.0,0.0,0.0,20.446105342940022,48.0
1.49,0.0,0.0,-6.061570625539128,0.0,0.0,-5.198016291882231,0.0,0.0,0.0,0.0,0.0,0.0,20.4461058704278,48.0
1.5,0.0,0.0,-6.113534247350031,0.0,0.0,-5.194708772103873,0.0,0.0,0.0,0.0,0.0,0.0,20.446106292418172,48.0
1.51,0.0,0.0,-6.1654648147566515,0.0,0.0,-5.191405409697816,0.0,0.0,0.0,0.0,0.0,0.0,20.446106630010565,48.0
1.52,0.0,0.0,-6.217362369342361,0.0,0.0,-5.18810620659485,0.0,0.0,0.0,0.0,0.0,0.0,20.446106900084537,48.0
1.53,0.0,0.0,-6.269226952699984,0.0,0.0,-5.184811162755668,0.0,0.0,0.0,0.0,0.0,0.0,20.446107116143757,48.0
1.54,0.0,0.0,-6.321058606414094,0.0,0.0,-5.181520276568903,0.0,0.0,0.0,0.0,0.0,0.0,20.446107288991158,48.0
1.55,0.0,0.0,-6.372857372046876,0.0,0.0,-5.178233545169539,0.0,0.0,0.0,0.0,0.0,0.0,20.446107427269094,48.0
1.56,0.0,0.0,-6.424623291126872,0.0,0.0,-5.17495096469364,0.0,0.0,0.0,0.0,0.0,0.0,20.446107537891454,48.0
1.57,0.0,0.0,-6.47635640514001,0.0,0.0,-5.171672530482097,0.0,0.0,0.0,0.0,0.0,0.0,20.44610762638935,48.0
1.58,0.0,0.0,-6.528056755522462,0.0,0.0,-5.16839823724364,0.0,0.0,0.0,0.0,0.0,0.0,20.44610769718767,48.0
1.59,0.0,0.0,-6.579724383654979,0.0,0.0,-5.165128079185206,0.0,0.0,0.0,0.0,0.0,0.0,20.44610775382633,48.0
1.6,0.0,0.0,-6.631359330858393,0.0,0.0,-5.161862050116248,0.0,0.0,0.0,0.0,0.0,0.0,20.446107799137256,48.0
1.61,0.0,0.0,-6.682961638390062,0.0,0.0,-5.158600143532147,0.0,0.0,0.0,0.0,0.0,0.0,20.446107835385998,48.0
1.62,0.0,0.0,-6.7345313474410595,0.0,0.0,-5.155342352680942,0.0,0.0,0.0,0.0,0.0,0.0,20.446107864384995,48.0
1.6300000000000001,0.0,0.0,-6.786068499133968,0.0,0.0,-5.152088670616698,0.0,0.0,0.0,0.0,0.0,0.0,20.446107887584194,48.0
1.6400000000000001,0.0,0.0,-6.837573134521156,0.0,0.0,-5.148839090242187,0.0,0.0,0.0,0.0,0.0,0.0,20.44610790614355,48.0
1.6500000000000001,0.0,0.0,-6.889045294583433,0.0,0.0,-5.145593604343021,0.0,0.0,0.0,0.0,0.0,0.0,20.446107920991036,48.0
1.6600000000000001,0.0,0.0,-6.940485020229015,0.0,0.0,-5.142352205614947,0.0,0.0,0.0,0.0,0.0,0.0,20.446107932869026,48.0
1.67,0.0,0.0,-6.991892352292736,0.0,0.0,-5.13911488668567,0.0,0.0,0.0,0.0,0.0,0.0,20.44610794237142,48.0
1.68,0.0,0.0,-7.043267331535454,0.0,0.0,-5.1358816401322995,0.0,0.0,0.0,0.0,0.0,0.0,20.44610794997333,48.0
1.69,0.0,0.0,-7.094609998643615,0.0,0.0,-5.132652458495294,0.0,0.0,0.0,0.0,0.0,0.0,20.446107956054863,48.0
1.7,0.0,0.0,-7.14592039422894,0.0,0.0,-5.129427334289606,0.0,0.0,0.0,0.0,0.0,0.0,20.446107960920088,48.0
1.71,0.0,0.0,-7.1971985588282195,0.0,0.0,-5.126206260013585,0.0,0.0,0.0,0.0,0.0,0.0,20.446107964812267,48.0
1.72,0.0,0.0,-7.248444532903177,0.0,0.0,-5.122989228156086,0.0,0.0,0.0,0.0,0.0,0.0,20.44610796792601,48.0
1.73,0.0,0.0,-7.299658356840408,0.0,0.0,-5.11977623120215,0.0,0.0,0.0,0.0,0.0,0.0,20.446107970417007,48.0
1.74,0.0,0.0,-7.350840070951361,0.0,0.0,-5.11656726163753,0.0,0.0,0.0,0.0,0.0,0.0,20.446107972409802,48.0
1.75,0.0,0.0,-7.4019897154723635,0.0,0.0,-5.113362311952307,0.0,0.0,0.0,0.0,0.0,0.0,20.44610797400404,48.0
1.76,0.0,0.0,-7.453107330564681,0.0,0.0,-5.110161374643762,0.0,0.0,0.0,0.0,0.0,0.0,20.44610797527943,48.0
1.77,0.0,0.0,-7.504192956314598,0.0,0.0,-5.106964442218671,0.0,0.0,0.0,0.0,0.0,0.0,20.44610797629974,48.0
1.78,0.0,0.0,-7.555246632733524,0.0,0.0,-5.103771507195125,0.0,0.0,0.0,0.0,0.0,0.0,20.44610797711599,48.0
1.79,0.0,0.0,-7.606268399758112,0.0,0.0,-5.100582562103972,0.0,0.0,0.0,0.0,0.0,0.0,20.44610797776899,48.0
1.8,0.0,0.0,-7.6572582972503955,0.0,0.0,-5.097397599489967,0.0,0.0,0.0,0.0,0.0,0.0,20.446107978291387,48.0
1.81,0.0,0.0,-7.708216364997928,0.0,0.0,-5.09421661191267,0.0,0.0,0.0,0.0,0.0,0.0,20.446107978709307,48.0
1.82,0.0,0.0,-7.759142642713937,0.0,0.0,-5.091039591947162,0.0,0.0,0.0,0.0,0.0,0.0,20.446107979043642,48.0
1.83,0.0,0.0,-7.8100371700374795,0.0,0.0,-5.087866532184601,0.0,0.0,0.0,0.0,0.0,0.0,20.446107979311112,48.0
1.84,0.0,0.0,-7.860899986533608,0.0,0.0,-5.084697425232659,0.0,0.0,0.0,0.0,0.0,0.0,20.446107979525085,48.0
1.85,0.0,0.0,-7.9117311316935375,0.0,0.0,-5.0815322637158555,0.0,0.0,0.0,0.0,0.0,0.0,20.446107979696265,48.0
1.86,0.0,0.0,-7.962530644934811,0.0,0.0,-5.078371040275818,0.0,0.0,0.0,0.0,0.0,0.0,20.446107979833208,48.0
1.87,0.0,0.0,-8.013298565601476,0.0,0.0,-5.075213747571477,0.0,0.0,0.0,0.0,0.0,0.0,20.446107979942763,48.0
1.8800000000000001,0.0,0.0,-8.064034932964256,0.0,0.0,-5.072060378279211,0.0,0.0,0.0,0.0,0.0,0.0,20.44610798003041,48.0
1.8900000000000001,0.0,0.0,-8.114739786220728,0.0,0.0,-5.06891092509295,0.0,0.0,0.0,0.0,0.0,0.0,20.446107980100525,48.0
1.9000000000000001,0.0,0.0,-8.165413164495492,0.0,0.0,-5.065765380724248,0.0,0.0,0.0,0.0,0.0,0.0,20.446107980156615,48.0
1.9100000000000001,0.0,0.0,-8.216055106840356,0.0,0.0,-5.062623737902334,0.0,0.0,0.0,0.0,0.0,0.0,20.44610798020149,48.0
1.92,0.0,0.0,-8.266665652234506,0.0,0.0,-5.059485989374133,0.0,0.0,0.0,0.0,0.0,0.0,20.44610798023739,48.0
1.93,0.0,0.0,-8.317244839584689,0.0,0.0,-5.0563521279042805,0.0,0.0,0.0,0.0,0.0,0.0,20.44610798026611,48.0
1.94,0.0,0.0,-8.367792707725384,0.0,0.0,-5.053222146275117,0.0,0.0,0.0,0.0,0.0,0.0,20.446107980289085,48.0
1.95,0.0,0.0,-8.418309295418984,0.0,0.0,-5.0500960372866786,0.0,0.0,0.0,0.0,0.0,0.0,20.446107980307463,48.0
1.96,0.0,0.0,-8.468794641355972,0.0,0.0,-5.046973793756671,0.0,0.0,0.0,0.0,0.0,0.0,20.446107980322168,48.0
1.97,0.0,0.0,-8.519248784155092,0.0,0.0,-5.043855408520446,0.0,0.0,0.0,0.0,0.0,0.0,20.44610798033393,48.0
1.98,0.0,0.0,-8.569671762363532,0.0,0.0,-5.040740874430963,0.0,0.0,0.0,0.0,0.0,0.0,20.446107980343342,48.0
1.99,0.0,0.0,-8.620063614457097,0.0,0.0,-5.037630184358757,0.0,0.0,0.0,0.0,0.0,0.0,20.44610798035087,48.0
