time,f1,f2,f3,f4
0.0,44.03900502687511,44.12991396752152,44.2208229081679,44.12991396752152
0.05,44.0391584323249,44.13206145641763,44.220919498488946,44.127516482854546
0.1,44.03936862264988,44.13420753758312,44.220959278935474,44.12512043091756
0.15000000000000002,44.039635532101265,44.136350804173844,44.22094229025932,44.12272724355162
0.2,44.0399590594697,44.13848985111764,44.220868608678025,44.120338350820674
0.25,44.040339068141556,44.140623275999246,44.220738345820855,44.1179551801244
0.30000000000000004,44.04077538617815,44.14274967994325,44.22055164865207,44.115579155312574
0.35000000000000003,44.04126780641642,44.14486766849491,44.2203086993729,44.11321169580184
0.4,44.041816086591886,44.14697585249813,44.22000971530087,44.110854215695156
0.45,44.04241994948364,44.14907284897028,44.21965494872756,44.10850812290457
0.5,44.04307908308076,44.15115728197294,44.21924468675447,44.10617481827788
0.55,44.043793140771136,44.15322778347857,44.21877925110669,44.103855694729674
0.6000000000000001,44.04456174155124,44.15528299423168,44.218258997925766,44.10155213637735
0.65,44.045384470257964,44.157321564605226,44.21768431754031,44.09926551768254
0.7000000000000001,44.04626087782143,44.159342155450304,44.21705563421555,44.09699720259877
0.75,44.04719048153901,44.16134343893968,44.216373405881875,44.0947485437255
0.8,44.0481727653708,44.16332409940425,44.215638123841835,44.092520881469156
0.8500000000000001,44.04920718025546,44.16528283416166,44.21485031245685,44.090315543212085
0.9,44.05029314444685,44.16721835433688,44.21401052881286,44.08813384248944
0.9500000000000001,44.05143004387123,44.16912938567441,44.21311936236581,44.08597707817461
1.0,44.052617232504396,44.171014669340764,44.212177434566804,44.08384653367409
1.05,44.05385403276923,44.17287296271799,44.21118539846703,44.08174347613179
1.1,44.05513973595253,44.174703040186486,44.21014393830355,44.0796691556435
1.1500000000000001,44.056473602641596,44.17650369389746,44.209053769064944,44.077624804482056
1.2000000000000002,44.05785486317985,44.1782737345343,44.20791563603819,44.075611636333704
1.25,44.059282718141496,44.18001199206206,44.206730314336575,44.07363084554589
1.3,44.06075633882494,44.181717316465296,44.205498608408625,44.0716836063872
1.35,44.062274867763854,44.18338857847293,44.204221351529306,44.06977107231994
1.4000000000000001,44.06383741925725,44.18502467027051,44.20289940527264,44.06789437528565
1.4500000000000002,44.06544307991634,44.18662450619891,44.20153365896707,44.06605462500369
1.5,44.06709090922919,44.188187023439,44.20012502913334,44.06425290828449
1.55,44.06877994014223,44.189711182682274,44.19867445890525,44.0624902883563
1.6,44.07050917965821,44.191195968786744,44.197182917434155,44.06076780420692
1.6500000000000001,44.0722776094507,44.19264039141741,44.195651399276905,44.05908646994102
1.7000000000000002,44.074084186494225,44.194043485671585,44.19408092376802,44.05744727415224
1.75,44.07592784370987,44.19540431268818,44.1924725343764,44.0558511793116
1.8,44.07780749062585,44.19672196024048,44.1908272980473,44.054299121172406
1.85,44.07972201405318,44.19799554331263,44.18914630452884,44.05279200819139
1.9000000000000001,44.081670278774986,44.199224204658734,44.18743066568512,44.05133072096724
1.9500000000000002,44.08365112824965,44.20040711534489,44.185681514795256,44.04991611169628
2.0,44.08566338532811,44.20154347527314,44.18390000583873,44.04854900364603
2.0500000000000003,44.087705852982914,44.2026325136879,44.18208731276837,44.04723019064683
2.1,44.08977731505032,44.20367348966336,44.18024462877066,44.04596043660169
2.15,44.09187653698469,44.2046656925728,44.178373165513584,44.044740475014976
2.2,44.094002266623654,44.205608442538704,44.17647415238388,44.043571008539814
2.25,44.09615323496484,44.20650109086351,44.17454883571242,44.04245270854527
2.3000000000000003,44.09832815695308,44.20734302044109,44.172598477989375,44.0413862147025
2.35,44.100525732277454,44.208133646148326,44.17062435706948,44.04037213459078
2.4000000000000004,44.102744646178216,44.20887241521663,44.168627765367184,44.039411043323994
2.45,44.104983570262384,44.20955880758335,44.16661000904346,44.038503483196834
2.5,44.10724116332839,44.210192336222505,44.16457240718332,44.03764996335187
2.5500000000000003,44.10951607219817,44.21077254745519,44.16251629096579,44.03685095946686
2.6,44.11180693255738,44.211299021238645,44.16044300282622,44.03610691346378
2.6500000000000004,44.11411236980215,44.21177137143462,44.15835389561139,44.03541823323785
2.7,44.11643099989241,44.2121892460565,44.15625033172859,44.03478529240857
2.75,44.118761430211286,44.21255232749465,44.1541336822882,44.03420843009191
2.8000000000000003,44.121102260429815,44.21286033272098,44.1520053262413,44.033687950693974
2.85,44.12345208337636,44.213113013471144,44.14986664951228,44.03322412372626
2.9000000000000004,44.12580948591067,44.21331015640534,44.14771904412698,44.032817183643076
2.95,44.12817304980131,44.21345158324722,44.145563907337255,44.03246732970027
3.0,44.13054135260651,44.21353715090085,44.143402640742345,44.03217472583633
3.0500000000000003,44.13291296855794,44.21356675154546,44.141236649407155,44.031939500575504
3.1,44.135286469445965,44.21354031270846,44.139067340978976,44.03176174695261
3.1500000000000004,44.13766042550713,44.21345779731591,44.136896124802284,44.03164152246073
3.2,44.14003340631211,44.213319203721326,44.13472441103249,44.03157884902012
3.25,44.14240398165453,44.21312456571172,44.13255360974946,44.031573712970356
3.3000000000000003,44.14477072243961,44.21287395249202,44.130385130070756,44.03162606508367
3.35,44.14713220157166,44.21256746864691,44.12822037926609,44.03173582060137
3.4000000000000004,44.149486994841276,44.212205254080786,44.126060761872246,44.03190285929176
3.45,44.1518336818098,44.21178748393538,44.12390767881042,44.03212702553046
3.5,44.1541708466923,44.21131436848549,44.121762526505286,44.03240812840296
3.5500000000000003,44.15649707923695,44.210786153012535,44.11962669600762,44.032745941828935
3.6,44.15881097560173,44.21020311765659,44.1175015721194,44.03314020470832
3.6500000000000004,44.16111113922653,44.209565577245925,44.11538853252366,44.03359062108997
3.7,44.16339618170098,44.20887388110542,44.11328894691842,44.0340968603612
3.75,44.165664723627465,44.208128412843294,44.11120417615587,44.03465855745942
3.8000000000000003,44.16791539547808,44.207329590115776,44.109135571386936,44.03527531310526
3.85,44.170146838445966,44.20647786437141,44.10708447321189,44.035946694056804
3.9000000000000004,44.17235770528949,44.205573720573426,44.10505221083802,44.036672233385104
3.95,44.174546661169735,44.20461767690142,44.103040101244,44.0374514307709
4.0,44.17671238447986,44.20361028443223,44.10104944835215,44.0382837528218
4.05,44.17885356766647,44.2025521268001,44.099081542209,44.03916863341047
4.1000000000000005,44.18096891804229,44.2014438198367,44.09713765817421,44.04010547403283
4.15,44.18305715858934,44.200286011190556,44.095219056119355,44.0410936441868
4.2,44.185117028752735,44.19907937992697,44.09332697963551,44.04213248177082
4.25,44.18714728522378,44.19782463610808,44.09146265525222,44.04322129350196
4.3,44.1891467027129,44.19652252035333,44.089627291665984,44.04435935535385
4.3500000000000005,44.19111407471075,44.19517380338115,44.08782207898083,44.045545913013314
4.4,44.193048214238054,44.19377928553148,44.08604818796032,44.046780182356216
4.45,44.19494795458335,44.192339796269934,44.084306769291125,44.048061349941634
4.5,44.196812150027675,44.19085619367348,44.0825989528602,44.04938857352465
4.55,44.1986396765565,44.18932936389848,44.080925847044334,44.05076098258671
4.6000000000000005,44.20042943255833,44.18776022063081,44.07928853801308,44.05217767888384
4.65,44.202180339508764,44.186149704519025,44.07768808904623,44.05363773701205
4.7,44.203891342640794,44.18449878259041,44.07612553986511,44.055140204989726
4.75,44.205561411599966,44.18280844765073,44.074601905978916,44.05668410485646
4.800000000000001,44.207189541084425,44.181079717667274,44.07311817804615,44.058268433288205
4.8500000000000005,44.208774751469385,44.17931363513699,44.071675321251554,44.05989216222811
4.9,44.210316089415535,44.1775112664384,44.07027427469918,44.06155423953297
4.95,44.211812628461,44.175673701168975,44.06891595082184,44.063253589634215
5.0,44.213263469597,44.173802051467874,44.067601234807036,44.06498911421416
5.050000000000001,44.21466774182564,44.171897451324625,44.066330984040114,44.066759692895644
5.1000000000000005,44.21602460270102,44.16996105587377,44.065106027565015,44.06856418394621
5.15,44.21733323885214,44.16799404067666,44.06392716556247,44.070401424994785
5.2,44.21859286648759,44.16599760099004,44.062795168846456,44.07227023376197
5.25,44.21980273188223,44.163972951022686,44.06171077837923,44.07416940880191
5.300000000000001,44.220962111844706,44.16192132317971,44.060674704804704,44.07609773025692
5.3500000000000005,44.222070314166295,44.15984396729583,44.05968762800108,44.07805396062285
5.4,44.2231266780501,44.157742149857214,44.0587501966528,44.08003684552594
5.45,44.22413057452106,44.15561715321354,44.05786302784177,44.08204511450968
5.5,44.22508140681564,44.15347027477931,44.05702670665885,44.08407748183225
5.550000000000001,44.225978610752,44.15130282622634,44.05624178583488,44.08613264727282
5.6000000000000005,44.2268216550794,44.149116132666904,44.055508785392384,44.088209296947355
5.65,44.2276100418074,44.146911531828465,44.054828192317494,44.090306104132665
5.7,44.22834330651404,44.144690373220726,44.05420046025292,44.092421730098366
5.75,44.2290210186334,44.14245401729485,44.05362600921135,44.09455482494646
5.800000000000001,44.22964278172183,44.14020383459611,44.05310522531047,44.09670402845768
5.8500000000000005,44.2302082337031,44.137941204909936,44.052638460528605,44.0988679709444
5.9,44.23071704709202,44.135667516402506,44.052226032482416,44.10104527410914
5.95,44.23116892919628,44.1333841647554,44.051868224225665,44.10323455190871
6.0,44.23156362229728,44.13109255229628,44.05156528406966,44.10543441142282
6.050000000000001,44.23190090380832,44.128794087124604,44.05131742542593,44.107643453727206
6.1000000000000005,44.23218058641151,44.12649018223419,44.05112482667011,44.109860274770256
6.15,44.23240251817244,44.12418225463246,44.050987631028285,44.11208346625287
6.2,44.23256658263295,44.12187172445718,44.05090594648512,44.114311616510804
6.25,44.23267269888142,44.11956001409105,44.05087984571431,44.11654331139927
6.300000000000001,44.23272082160155,44.117248547275025,44.050909366030645,44.11877713517882
6.3500000000000005,44.23271094109817,44.11493874822057,44.05099450936509,44.12101167140223
6.4,44.2326430833016,44.112632040721564,44.05113524226103,44.123245503801854
6.45,44.23251730974939,44.110329847266584,44.05133149589354,44.125477217176496
6.5,44.23233371754568,44.1080335881517,44.0515831661105,44.12770539827814
6.550000000000001,44.232092439299144,44.10574468059471,44.05189011349554,44.12992863669666
6.6000000000000005,44.231793643037896,44.10346453785118,44.05225216345361,44.13214552574337
6.65,44.23143753210294,44.101194568333085,44.052669106318426,44.13435466333162
6.7,44.23102434501943,44.09893617472997,44.05314069748169,44.136554652854926
6.75,44.23055435534608,44.0966907531343,44.05366665754433,44.138744104061345
6.800000000000001,44.23002787150234,44.09445969217002,44.05424667248989,44.14092163392378
6.8500000000000005,44.22944523657467,44.09224437212663,44.05488039387888,44.143085867505846
6.9,44.22880682810021,44.09004616409766,44.05556743906552,44.14523543882265
6.95,44.22811305782991,44.08786642912513,44.05630739143522,44.14736899169577
7.0,44.227364371469626,44.08570651735043,44.05709980066403,44.14948518060197
7.050000000000001,44.22656124840062,44.083567767171516,44.05794418299836,44.151582671515555
7.1000000000000005,44.225704201378456,44.08145150440781,44.05884002155677,44.15366014274305
7.15,44.224793776211804,44.07935904147239,44.05978676665149,44.15571628575037
7.2,44.22383055142024,44.07729167655313,44.06078383613093,44.15774980598172
7.25,44.22281513787153,44.0752506928021,44.06183061574297,44.159759423669456
7.300000000000001,44.22174817839926,44.07323735753465,44.06292645951739,44.161743874634794
7.3500000000000005,44.22063034739991,44.07125292143803,44.06407069016927,44.163701911078846
7.4,44.21946235041104,44.069298617790764,44.06526259952114,44.16563230236308
7.45,44.218244923669396,44.06737566169244,44.0665014489451,44.167533835779125
7.5,44.21697883365008,44.06548524930483,44.067786469823695,44.16940531730745
7.550000000000001,44.21566487658726,44.06362855710512,44.0691168640297,44.17124557236393
7.6000000000000005,44.21430387797586,44.06180674115106,44.070491804424584,44.173053446534524
7.65,44.21289669205509,44.06002093635877,44.07191043537488,44.1748278062973
7.7,44.211444201274595,44.05827225579395,44.07337187328651,44.17656753973098
7.75,44.20994731574226,44.05656178997664,44.07487520715683,44.17827155721034
7.800000000000001,44.20840697265535,44.054890606199635,44.076419499143775,44.1799387920873
7.8500000000000005,44.20682413571483,44.0532597478619,44.07800378515149,44.18156820135786
7.9,44.205199794522436,44.051670233816424,44.0796270754333,44.18315876631388
7.95,44.20353496396282,44.050123057733614,44.0812883552097,44.184709493179895
8.0,44.20183068356882,44.0486191874802,44.08298658530287,44.186219413734165
8.05,44.20008801687212,44.04715956451422,44.08472070278622,44.187687585913494
8.1,44.19830805073864,44.045745103296554,44.0864896216487,44.189113094402174
8.15,44.19649189468948,44.044376690719176,44.08829223347393,44.19049505120347
8.200000000000001,44.19464068020799,44.043055185550514,44.09012740813298,44.1918325961946
8.25,44.19275556003269,44.04178141789849,44.091993994491254,44.19312489766361
8.3,44.19083770743759,44.04055618869128,44.09389082112818,44.19437115282901
8.35,44.18888831549908,44.039380269176206,44.09581669706993,44.19557058834087
8.4,44.18690859635111,44.03825440043728,44.09777041253407,44.196722460763596
8.450000000000001,44.184899780428104,44.037179292931356,44.099750739686606,44.197826057039975
8.5,44.18286311569684,44.03615562604351,44.101756433409584,44.19888069493615
8.55,44.18079986687709,44.03518404766156,44.103786232080274,44.19988572346712
8.6,44.17871131465203,44.03426517377058,44.105838858360535,44.2008405233029
8.65,44.1765987548688,44.03339958806677,44.10791301999577,44.201744507154714
8.700000000000001,44.17446349772961,44.03258784159196,44.11000741062353,44.202597120140936
8.75,44.17230686697393,44.031830452388064,44.11212071059101,44.203397840133036
8.8,44.17013019905203,44.03112790517234,44.11425158778095,44.204146178080734
8.85,44.167934842291196,44.03048065103327,44.11639869844509,44.204841678316484
8.9,44.165722156054166,44.02988910714747,44.118560688045314,44.20548391883911
8.950000000000001,44.163493509890706,44.02935365651763,44.120736192101425,44.206072511576295
9.0,44.161250282683135,44.02887464773195,44.122923837045285,44.206607102625696
9.05,44.15899386178601,44.028452394744804,44.12512224108048,44.20708737247472
9.1,44.156725642160474,44.02808717667908,44.1273300150476,44.207513036198876
9.15,44.154447025503806,44.027779237650165,44.12954576329383,44.20788384363826
9.200000000000001,44.15215941937543,44.02752878661191,44.1317680845465,44.2081995795522
9.25,44.14986423631837,44.02733599722433,44.13399557279106,44.2084600637523
9.3,44.14756289297856,44.02720100774326,44.13622681815094,44.20866515121327
9.35,44.145256809221046,44.027123920932425,44.13846040777097,44.20881473216161
9.4,44.14294740724453,44.02710480399713,44.14069492670165,44.208908732142746
9.450000000000001,44.140636110694494,44.02714368854038,44.14292895878585,44.208947112065346
9.5,44.138324343775345,44.02724057054132,44.14516108754548,44.20892986822392
9.55,44.13601353036237,44.02739541035562,44.14738989706901,44.20885703229905
9.600000000000001,44.13370509311407,44.027608132738166,44.1496139728983,44.20872867133552
9.65,44.13140045258499,44.02787862688794,44.151831902914815,44.20854488769831
9.700000000000001,44.129101026340315,44.02820674651501,44.154042278224416,44.20830581900633
9.75,44.1268082280722,44.028592309929735,44.15624369403991,44.208011638044226
9.8,44.12452346671842,44.02903510015402,44.15843475056172,44.2076625526519
9.850000000000001,44.1222481455844,44.0295348650544,44.16061405385482,44.20725880559242
9.9,44.11998366146873,44.030091317497195,44.16278021672233,44.2068006743978
9.950000000000001,44.11773140379241,44.030704135525596,44.16493185957531,44.206288471192735
10.0,44.11549275373334,44.031372962558066,44.167067611297206,44.205722542497455
10.05,44.1132690833659,44.032097407608575,44.16918611010343,44.20510326900816
10.100000000000001,44.11106175480567,44.03287704552851,44.171286004395434,44.20443106535642
10.15,44.10887211936146,44.03371141726926,44.17336595360781,44.20370637984753
10.200000000000001,44.1067015166932,44.03460003016663,44.17542462904911,44.20292969417714
10.25,44.10455127397777,44.03554235824552,44.177460714735055,44.20210152312771
10.3,44.102422705082496,44.036537842546025,44.17947290821399,44.201222414243546
10.350000000000001,44.10031710974693,44.037585891469575,44.18145992138377,44.20029294748578
10.4,44.09823577277371,44.03868588114557,44.1834204812999,44.19931373486685
10.450000000000001,44.0961799632286,44.03983715581843,44.1853533309742,44.19828542006482
10.5,44.09415093365063,44.041039028253905,44.18725723016353,44.19720867801797
10.55,44.092149919272494,44.04229078016557,44.18913095614814,44.19608421449982
10.600000000000001,44.09017813725192,44.04359166266049,44.190973304499046,44.19491276567459
10.65,44.0882367859141,44.044940896703736,44.19278308983427,44.19369509763396
10.700000000000001,44.08632704400643,44.04633767360184,44.194559146562916,44.19243200591485
10.75,44.084450069965335,44.04778115550498,44.19630032961701,44.19112431499872
10.8,44.082607001195434,44.04927047592702,44.1980055151709,44.189772877792706
10.850000000000001,44.080798953362496,44.050804740283255,44.199673601346994,44.188378575093296
10.9,44.07902701969994,44.05238302644612,44.20130350890795,44.18694231503201
10.950000000000001,44.077292270329,44.05400438531777,44.20289418193503,44.18546503250428
11.0,44.07559575159379,44.055667841419464,44.20444458849162,44.1839476885812
11.05,44.07393848541113,44.05737239349732,44.205953721271975,44.18239126990564
11.100000000000001,44.0723214686359,44.05911701514452,44.2074205982345,44.180796788071135
11.15,44.07074567244144,44.060900655438644,44.20884426321961,44.179165278986346
11.200000000000001,44.069212041717215,44.062722239594606,44.210223786550934,44.17749780222333
11.25,44.067721494481724,44.064580669632306,44.21155826562053,44.17579544035149
11.3,44.066274921312946,44.06647482505886,44.21284682545711,44.17405929825712
11.350000000000001,44.06487318479609,44.068403563564885,44.21408861927666,44.17229050244842
11.4,44.063517118988536,44.070365721733936,44.215282829016,44.1704902003476
11.450000000000001,44.06220752890247,44.07236011576572,44.21642866584832,44.16865955956955
11.5,44.06094519000653,44.07438554221146,44.21752537068023,44.1667997671878
11.55,44.05973084774508,44.07644077872193,44.21857221463066,44.16491202898841
11.600000000000001,44.058565217076826,44.07852458480684,44.219568499490485,44.16299756871189
11.65,44.05744898203243,44.080635702605875,44.22051355816361,44.161057627284166
11.700000000000001,44.05638279529142,44.08277285767009,44.22140675508789,44.15909346203661
11.75,44.055367277778636,44.08493475975429,44.22224748663742,44.15710634591571
11.8,44.054403018281015,44.08712010361856,44.2230351815037,44.155097566682784
11.850000000000001,44.053490573083884,44.08932756983957,44.22376930105765,44.15306842610495
11.9,44.05263046562815,44.09155582563045,44.2244493396908,44.15102023913664
11.950000000000001,44.051823186187754,44.09380352566903,44.22507482513601,44.14895433309326
12.0,44.05106919156804,44.09606931293402,44.2256453187671,44.14687204681691
12.05,44.050368904824985,44.09835181954823,44.22616041587808,44.14477472983478
12.100000000000001,44.049722715005736,44.100649667628645,44.22661974594063,44.14266374151104
12.15,44.049130976910014,44.10296147014279,44.22702297284078,44.140540450192475
12.200000000000001,44.04859401087386,44.10528583177047,44.22736979509353,44.13840623234816
12.25,44.04811210257372,44.10762134977111,44.22765994603662,44.1362624717046
12.3,44.04768550285335,44.109966614855225,44.22789319400186,44.134110558375625
12.350000000000001,44.04731442757194,44.112320212060254,44.22806934246511,44.13195188798875
12.4,44.04699905747423,44.114680721629796,44.22818823017406,44.12978786080795
12.450000000000001,44.04673953808278,44.117046719895654,44.22824973125433,44.12761988085326
12.5,44.04653597961214,44.11941678016264,44.22825375529303,44.12544935501826
12.55,44.04638845690503,44.121789473594816,44.22820024740063,44.12327769218555
12.600000000000001,44.046297009391004,44.12416337010342,44.22808918825053,44.12110630234109
12.65,44.04626164106701,44.126537039235174,44.22792059409627,44.11893659568757
12.700000000000001,44.04628232050026,44.128909051061015,44.22769451676675,44.116769981758026
12.75,44.046358980852936,44.13127797706453,44.22741104363934,44.11460786852925
12.8,44.04649151992984,44.13364239102907,44.227070297590366,44.11245166153678
12.850000000000001,44.046679800247325,44.13600086992396,44.22667243692403,44.110302762990756
12.9,44.04692364912476,44.13835199478815,44.226217655278795,44.108162570894336
12.950000000000001,44.04722285879807,44.14069435161163,44.22570618151182,44.10603247816451
13.0,44.047577186555024,44.14302653221364,44.22513827956164,44.103913871755765
13.05,44.04798635489241,44.14534713511698,44.224514248288635,44.10180813178802
13.100000000000001,44.04845005169522,44.14765476641857,44.223834421293965,44.0997166306783
13.15,44.04896793043731,44.14994804065468,44.22309916671656,44.0976407322775
13.200000000000001,44.04953961040368,44.152225581661256,44.2223088870089,44.095581791012194
13.25,44.050164676933896,44.15448602342829,44.22146401869117,44.093541151032696
13.3,44.05084268168725,44.15672801094773,44.22056503208406,44.091520145366985
13.350000000000001,44.05157314292871,44.15895020105461,44.219612431020614,44.08952009508208
13.4,44.05235554583549,44.16115126326058,44.21860675253746,44.0875423084525
13.450000000000001,44.05318934282497,44.16332988057974,44.217548566544544,44.08558808013679
13.5,44.05407395390264,44.165484750345755,44.216438475475066,44.08365869036258
13.55,44.055008767030465,44.16761458502003,44.21527711391493,44.0817554041206
13.600000000000001,44.05599313851527,44.16971811299064,44.21406514821195,44.079879470368155
13.65,44.05702639341707,44.17179407936098,44.21280327606534,44.0780321212427
13.700000000000001,44.0581078259767,44.173841246727974,44.211492226095736,44.07621457128565
13.75,44.0592367000632,44.175858395949604,44.21013275739573,44.074428016677516
13.8,44.06041224963948,44.17784432690074,44.20872565906165,44.07267363448419
13.850000000000001,44.06163367924756,44.17979785921699,44.20727174970617,44.07095258191531
13.9,44.062900164511326,44.18171783302655,44.20577187695317,44.06926599559499
13.950000000000001,44.06421085265831,44.183603109668795,44.204226916913704,44.06761499084524
14.0,44.06556486305835,44.18545257239981,44.202637773644874,44.06600066098301
14.05,44.06696128778038,44.18726512708426,44.2010053785909,44.06442407663053
14.100000000000001,44.06839919216598,44.18903970287296,44.19933069000695,44.062886285040136
14.15,44.06987761541958,44.190775252865905,44.197614692366905,44.06138830943367
14.200000000000001,44.07139557121524,44.19247075476029,44.195858395753895,44.05993114835658
14.25,44.07295204831939,44.19412521148337,44.194062835235435,44.05851577504784
14.3,44.07454601122884,44.195737651809125,44.19222907022279,44.05714313682529
14.350000000000001,44.076176400824416,44.19730713095913,44.19035818381514,44.05581415448732
14.4,44.0778421350391,44.198832731186556,44.18845128212906,44.05452972173134
14.450000000000001,44.079542109540604,44.20031356234355,44.18650949361331,44.053290704588576
14.5,44.08127519842787,44.20174876243122,44.18453396835019,44.052097940876806
14.55,44.08304025494103,44.20313749813194,44.18252587734295,44.05095223967014
14.600000000000001,44.08483611218447,44.20447896532377,44.180486411790504,44.04985438078731
14.65,44.086661583862686,44.20577238957671,44.178416782349,44.04880511429769
14.700000000000001,44.088515465027605,44.20701702663027,44.176318218382015,44.04780516004617
14.75,44.09039653283862,44.20821216285212,44.17419196719826,44.04685520719704
14.8,44.09230354733271,44.20935711567776,44.17203929327892,44.04595591379665
14.850000000000001,44.094235252206296,44.21045123403073,44.16986147749328,44.04510790635575
14.9,44.09619037560646,44.21149389872279,44.16765981630517,44.044311779451604
14.950000000000001,44.09816763093247,44.212484522834785,44.16543562096886,44.043568095349926
15.0,44.10016571764624,44.21342255207672,44.163190216716266,44.042877383646825
15.05,44.10218332209171,44.21430746512772,44.160924941934944,44.04224014093165
15.100000000000001,44.10421911832224,44.2151387739555,44.158641147338464,44.041656830469876
15.15,44.106271768935805,44.21591602411475,44.15634019512837,44.04112788190713
15.200000000000001,44.10833992591737,44.21663879502468,44.15402345814966,44.04065369099432
15.25,44.11042223148785,44.217306700225265,44.15169231903932,44.04023461933362
15.3,44.112517318959185,44.21791938761234,44.149348169368444,44.039870994146085
15.350000000000001,44.11462381359495,44.21847653965115,44.146992408779475,44.03956310806042
15.4,44.11674033347632,44.218977873568164,44.14462644411771,44.03931121892386
15.450000000000001,44.118865490371896,44.21942314152132,44.14225168855875,44.03911554963409
15.5,44.12099789061208,44.219812130748224,44.139869560731874,44.03897628799385
15.55,44.12313613596671,44.22014466369292,44.13748148383977,44.03889358658661
15.600000000000001,44.125278824525104,44.2204205981099,44.1350888847761,44.03886756267492
15.65,44.12742455157922,44.22063982714673,44.132693193239724,44.0388982981204
15.700000000000001,44.1295719105077,44.22080227940404,44.130295840848255,44.03898583932602
15.75,44.131719493661855,44.22090791897388,44.127898260249516,44.039130197200805
15.8,44.13386589325173,44.2209567454552,44.12550188423298,44.03933134714613
15.850000000000001,44.13600970223259,44.220948793947954,44.12310814484086,44.039589229064674
15.9,44.13814951519087,44.22088413502436,44.12071847247949,44.039903747391335
15.950000000000001,44.140283929228936,44.2207628746782,44.11833429503228,44.04027477114663
16.0,44.14241154484859,44.22058515425222,44.11595703697355,44.04070213401165
16.05,44.144530966832214,44.220351150343134,44.11358811848499,44.04118563442573
16.1,44.14664080512106,44.220061074684565,44.11122895457472,44.04172503570571
16.150000000000002,44.14873967569094,44.219715174008414,44.108880954199314,44.04232006618737
16.2,44.15082620142342,44.219313729883936,44.106545519390004,44.04297041938865
16.25,44.15289901297319,44.218857058535406,44.10422404438278,44.04367575419468
16.3,44.154956749630195,44.21834551063765,44.101917914753834,44.04443569506435
16.35,44.156998060176896,44.217779471090765,44.0996285065598,44.04524983225859
16.400000000000002,44.159021603738886,44.217159358772705,44.09735718548462,44.046117722089846
16.45,44.16102605062964,44.21648562627114,44.09510530599241,44.04703888719287
16.5,44.16301008318796,44.215758759594095,44.09287421048737,44.048012816816595
16.55,44.164972396608015,44.21497927785971,44.09066522848146,44.04903896713685
16.6,44.166911699761194,44.214147732965245,44.088479675769925,44.05011676158966
16.650000000000002,44.168826716009555,44.21326470923583,44.086318853615474,44.0512455912252
16.7,44.17071618401008,44.21233082305271,44.084184047941484,44.05242481508178
16.75,44.172578858509574,44.211346722461556,44.08207652853475,44.05365376058019
16.8,44.17441351112918,44.210313086761104,44.079997548258355,44.0549317239374
16.85,44.1762189311386,44.20923062607223,44.077948342275214,44.056257970600015
16.900000000000002,44.17799392621914,44.20810008088752,44.07593012728241,44.05763173569699
16.95,44.17973732321533,44.20692222160231,44.073944100757195,44.059052224511234
17.0,44.1814479688743,44.2056978480267,44.071991440215164,44.06051861296989
17.05,44.18312473057322,44.20442778887936,44.070073302480445,44.06203004815299
17.1,44.18476649703319,44.20311290126334,44.06819082296939,44.06358564882011
17.150000000000002,44.18637217902023,44.201754070124,44.06634511498702,44.065184505954804
17.2,44.18794071003236,44.20035220768949,44.064537269037764,44.06682568332644
17.25,44.18947104697242,44.19890825289461,44.06276835214998,44.06850821806901
17.3,44.190962170806166,44.1974231707876,44.061039407215866,44.070231121276436
17.35,44.19241308720543,44.19589795192064,44.05935145234536,44.07199337861462
17.400000000000002,44.19382282717593,44.194333611724744,44.05770548023646,44.0737939509489
17.45,44.195190447668786,44.19273118986882,44.056102457561046,44.07563177498737
17.5,44.19651503217647,44.19109174960367,44.05454332436668,44.077505763939214
17.55,44.197795691311434,44.189416377091405,44.053028993495595,44.079414808187636
17.6,44.19903156336823,44.187706180720454,44.05156035002016,44.081357775977196
17.650000000000002,44.20022181486829,44.185962290406735,44.050138250695944,44.08333351411507
17.7,44.20136564108679,44.184185856881214,44.04876352343236,44.0853408486857
17.75,44.20246226656172,44.182378050964886,44.0474369667813,44.08737858577811
17.8,44.20351094558456,44.18054006283096,44.046159349444245,44.08944551222628
17.85,44.20451096267242,44.1786731012548,44.04493140979768,44.091540396361125
17.900000000000002,44.20546163302104,44.176778392852725,44.04375385543799,44.093661988774286
17.95,44.20636230293899,44.174857181309264,44.042627362744774,44.095809023093054
18.0,44.20721235026199,44.17291072659397,44.04155257646442,44.097980216765706
18.05,44.20801118474771,44.17094030416807,44.04053010931292,44.100174271857355
18.1,44.20875824845054,44.16894720418151,44.03956054159901,44.10238987585498
18.150000000000002,44.20945301607626,44.16693273066066,44.03864442086715,44.10462570248198
18.2,44.21009499531606,44.16489820068756,44.037782261561254,44.10688041252121
18.25,44.21068372715998,44.16284494357102,44.03697454470906,44.10915265464601
18.3,44.21121878618968,44.160774300009976,44.03622171762725,44.11144106625912
18.35,44.21169978085012,44.15868762124995,44.035524193647525,44.11374427433846
18.400000000000002,44.21212635369968,44.15658626823266,44.03488235186425,44.116060896289454
18.45,44.21249818163955,44.154471610740146,44.03429653690288,44.11838954080346
18.5,44.21281497612123,44.15234502653264,44.03376705871052,44.120728808721665
18.55,44.21307648333234,44.150207900482116,44.03329419236771,44.12307729390386
18.6,44.21328248436097,44.14806162370127,44.03287817792215,44.1254335841017
18.650000000000002,44.213432795337944,44.145907592668365,44.03251922024405,44.12779626183567
18.7,44.2135272675574,44.1437472083492,44.0322174889039,44.13016390527558
18.75,44.21356578757504,44.14158187531582,44.031973118071654,44.132535089123536
18.8,44.21354827728455,44.139413000863485,44.03178620643862,44.1349083854994
18.85,44.21347469397171,44.13724199412563,44.031656817160915,44.137282364827755
18.900000000000002,44.213345030346694,44.13507026518792,44.03158497782561,44.13965559672586
18.95,44.21315931455364,44.13289922420151,44.031570680438556,44.14202665089235
19.0,44.212917610158634,44.13073028049669,44.031613881434915,44.144394097995814
19.05,44.212620016115075,44.12856484169666,44.0317145017114,44.14675651056292
19.1,44.212266666706974,44.12640431283263,44.03187242668124,44.14911246386518
19.150000000000002,44.211857731470495,44.12425009546068,44.032087506350585,44.15146053680431
19.200000000000003,44.21139341509281,44.122103586780554,44.03235955541761,44.153799312795115
19.25,44.21087395728939,44.11996617875741,44.032688353393404,44.15612738064587
19.3,44.210299632659236,44.11783925724683,44.03307364474481,44.15844333543515
19.35,44.209670750518406,44.11572420112384,44.033515139058956,44.16074577938484
19.400000000000002,44.2089876547114,44.11362238141594,44.03401251122997,44.16303332272874
19.450000000000003,44.20825072340134,44.11153516044156,44.03456540166692,44.16530458457626
19.5,44.20746036883849,44.10946389095368,44.035173416523456,44.16755819377042
19.55,44.206617037107485,44.107409915289566,44.03583612794879,44.1697927897402
19.6,44.205721207853166,44.10537456452715,44.036553074359965,44.172007023345756
19.650000000000002,44.204773393985796,44.10335915764831,44.03732376073487,44.174199557717074
19.700000000000003,44.20377414136501,44.10136500070986,44.03814765892641,44.17636906908476
19.75,44.20272402846346,44.09939338602274,44.03902420799731,44.17851424760251
19.8,44.201623666009745,44.09744559133978,44.03995281457512,44.180633798161395
19.85,44.20047369661136,44.09552287905234,44.04093285322788,44.18272644119446
19.900000000000002,44.19927479435763,44.09362649539722,44.041963666859125,44.18479091347206
19.950000000000003,44.19802766440288,44.091757669673015,44.043044567123324,44.18682596888685
