time,x,y,z,vx,vy,vz,phi,theta,psi,p,q,r
0.0,3.928938831699082e-07,-1.2685395785034926e-20,0.9999999969165335,3.143150995054081e-05,-1.014831637759073e-18,-1.2484978443675723e-07,6.2014521918256786e-18,0.00019230737444430365,-3.947400032110136e-17,2.482099089715198e-16,0.007692294977772145,-1.578983857244667e-15
0.05,6.286178888044428e-06,-1.0639631252692152e-08,0.9999999867595033,0.0002514422194688518,-8.51159454548568e-07,-3.040956472855072e-07,5.208161317288494e-06,0.0007691694030418488,6.95601132077269e-07,0.0002083112883085756,0.015382186238558696,2.7777307869156528e-05
0.1,3.182205901823493e-05,-1.8086211226844102e-07,0.9999999613701697,0.000848542045350627,-7.659670280811656e-06,-8.096716864821236e-07,2.60396597028881e-05,0.0017303457117505308,3.4872806001466358e-06,0.0006248036771470908,0.0230648678506417,8.332914590643745e-05
0.15000000000000002,0.00010056425431011704,-1.0424925037851233e-06,0.999999889025787,0.002011061509593329,-3.063351908004444e-05,-2.348405753268186e-06,7.290561971658787e-05,0.0030753555568560293,9.801315231436652e-06,0.0012492168723322531,0.030735538388098185,0.00016664995896873179
0.2,0.0002454859725936612,-3.7651266878899526e-06,0.9999996872678529,0.003927028770694424,-8.507371904136328e-05,-6.279031237014602e-06,0.0001562100563414712,0.004803477830667774,2.1105570742624083e-05,0.0020811606359435663,0.03838940393152763,0.00027773141504717895
0.25,0.0005089516262462156,-1.0410469855376832e-05,0.9999991848917761,0.006784042147385611,-0.00019136102670613524,-1.4828690012376929e-05,0.00028634706352513887,0.006913751062623515,3.892517727251966e-05,0.003120115030207602,0.046021681064113605,0.0004165624060898192
0.30000000000000004,0.0009426920319535181,-2.418589341899788e-05,0.9999980731278152,0.010769136672622488,-0.00037493791909406896,-3.1308747209957136e-05,0.00047369833631077745,0.009404973407092308,6.48580472101119e-05,0.004365430742447253,0.05362759986108751,0.0005831290491116193
0.35000000000000003,0.0016077727587373403,-4.9696966328814066e-05,0.9999958460525816,0.016068643230555076,-0.0006662855381672863,-6.032971890586047e-05,0.0007286311104085758,0.012275702606442496,0.00010059019425047932,0.0058163294908797954,0.06120240687078493,0.000777414687587926
0.4,0.0025745552176144135,-9.319870042064719e-05,0.999991730280928,0.022868038848784602,-0.001100895242027977,-0.00010801508945010122,0.001061496599544593,0.015524255915306298,0.00014791081618300672,0.007471904511016549,0.06874136808539583,0.0009993998931139775
0.45,0.003922650015463349,-0.0001628452297338481,0.9999846039999207,0.03135178674300185,-0.0017192343358929394,-0.00018221376604706424,0.0014826290067683808,0.019148709969442262,0.00020872710808930316,0.009331121122361861,0.07623977189956202,0.001249062467355739
0.5,0.005740862026271093,-0.00026893762075954215,0.999972905420036,0.041703164741738026,-0.0025667054910873807,-0.0002927108844649713,0.0020023451811681378,0.023146900580189596,0.0002850787773211297,0.011392817375052591,0.08369293205498847,0.0015263774442675843
0.55,0.008127126565218256,-0.00042416948441177107,0.9999545307339646,0.05410408075616975,-0.003693599297419338,-0.0004514366415145983,0.002630944986206009,0.027516422433234787,0.0003791522367508567,0.013655704776044034,0.09109619056918505,0.0018313170925776175
0.6000000000000001,0.011188435985392122,-0.000643870031257799,0.9999267216906723,0.06873487400452016,-0.005155039333755397,-0.0006726727873657208,0.003378712440222442,0.03225462866828381,0.0004932944582421773,0.016118369094368003,0.09844492064656893,0.0021638509185761576
0.65,0.015040755953678932,-0.000946244179328992,0.9998859429118645,0.08577410075348425,-0.007010919083895379,-0.0009732563640638384,0.004255917683646448,0.037358630314258484,0.0006300264739694677,0.01877927124499145,0.10573452957005293,0.0025239456691600205
0.7000000000000001,0.019808930602021133,-0.001352609288814229,0.9998277490999297,0.10539830340123948,-0.009325829970478426,-0.0013727802260126301,0.005272819821164718,0.04282529555281719,0.000792056519011691,0.02163674825068705,0.11296046157134274,0.002911565335154699
0.75,0.025626575693218405,-0.0018876280602964958,0.9997466423109936,0.12778176179900297,-0.012168979729250275,-0.0018937898239996809,0.006439670680621154,0.04865124878134175,0.000982292814450155,0.02468901428133723,0.12011820067815629,0.0033266711549160277
0.8,0.032635958887343025,-0.0025795370931448493,0.9996359194940564,0.15309622579182414,-0.015614100300256494,-0.0025619756769140376,0.0077667195238090465,0.05483286944502986,0.0012038559958928749,0.027934161770029272,0.12720327353654648,0.0037692216182065863
0.8500000000000001,0.040987866146224204,-0.003460370558468536,0.9994875105274741,0.18151062805544194,-0.019739344372143267,-0.0034063608950556973,0.009264218737638701,0.06136629060638425,0.0014600911978181921,0.031370162605218396,0.13421125220660565,0.004239172470349217
0.9,0.0508414532699799,-0.004566178396966837,0.9992918070174086,0.21319077641567913,-0.024627169681560354,-0.004459483056357468,0.010942430527464702,0.06824739721919057,0.0017545798092629763,0.03499486939822617,0.14113775692978303,0.004736476716648181
0.9500000000000001,0.06236408152194094,-0.005937238406398836,0.9990374821594038,0.24829902496106324,-0.030364210142553593,-0.005757569672494538,0.012811634627677107,0.07547182407301656,0.0020911509210644625,0.038806016825300604,0.1479784588660924,0.005261084627093737
1.0,0.07573113626727494,-0.007618261536629182,0.9987113020040316,0.2869939233991808,-0.03704113286175423,-0.007340706416404772,0.014882137038019466,0.08303495337333952,0.002473892488988476,0.04280122304335657,0.15472908279950243,0.0058129437413351566
1.05,0.09112582752698163,-0.009658589662705275,0.9982979285106216,0.3294298442636413,-0.044752480085124835,-0.009252997216910686,0.01716427978750135,0.09093191192160652,0.0029071622405309667,0.04697799117855748,0.1613854098097944,0.006391998873917418
1.1,0.10873897133354452,-0.012112385058666027,0.9977797148194407,0.375756587752292,-0.05359649512206246,-0.01154271526077905,0.019668451721211296,0.09915756785884687,0.0033955983558578992,0.05133371088677789,0.16794327990926117,0.006998192119811601
1.1500000000000001,0.1287687507682765,-0.015038810747304059,0.9971364932222786,0.42611896416918615,-0.06367493130388141,-0.014262443878592369,0.022405100298773944,0.10770652693588023,0.003944129955140402,0.055865659984983856,0.17439859464255691,0.007631462860201863
1.2000000000000002,0.15142045556420514,-0.018502200854488664,0.9963453563641285,0.4806563541532829,-0.07509284305721736,-0.017469206229273705,0.02538474438658054,0.11657312827269062,0.004557987425338207,0.060571006152511445,0.1807473196481022,0.008291747768536892
1.25,0.1769061991731479,-0.0225722200515492,0.9953804322643753,0.5395022471062344,-0.08795835820983154,-0.02122458264015193,0.028617988019177015,0.12575143956916734,0.0052427126191741105,0.06544680870116934,0.18698548717943253,0.008978980816876635
1.3,0.20544461222237487,-0.027324011126316234,0.9942126538044126,0.6027837584799228,-0.10238243069775411,-0.025594814406280662,0.03211553509821877,0.1352352517291464,0.006004168957503941,0.07049002041308246,0.19310919858489653,0.009693093282491658
1.35,0.23726051132588588,-0.03283832968347378,0.9928095233896259,0.6706211268513443,-0.11847857290975092,-0.030650892805678415,0.035888204990068125,0.14501807285953117,0.006848551463394645,0.07569748944509486,0.19911462674420433,0.01043401375473015
1.4000000000000001,0.27258454226875917,-0.03920166493869475,0.9911348735568728,0.7431271919973503,-0.13636256698872076,-0.036468632047615836,0.03994694897526663,0.15509312160623942,0.007782396751841528,0.08106596129856795,0.20499801846024038,0.011201668142159666
1.4500000000000002,0.3116527966511321,-0.04650634553946494,0.9891486243635349,0.8204068554835738,-0.15615215451072068,-0.04312872484054265,0.044302867494577736,0.1654533197888364,0.008812592993030801,0.08659208085334938,0.21075569680469453,0.01199597967998282
1.5,0.35470640116196017,-0.054850629319441124,0.9868065384604374,0.9025565255990773,-0.17796670408162613,-0.050716779246210916,0.04896722812685081,0.17609128429600218,0.009946389859215272,0.09227239446459821,0.21638406341602423,0.012816868937707209
1.55,0.401991078752492,-0.06433877587356265,0.9840599748178543,0.9896635487988399,-0.20192685652953657,-0.05932333547861041,0.0539514842233619,0.18699931820448457,0.011191408455428995,0.09810335212120566,0.22187960074830645,0.01366425382709085
1.6,0.4537566810959994,-0.07508110082889274,0.9808556421408059,1.0818056301576124,-0.22815414752829477,-0.06904386131202521,0.05926729411126145,0.19816940108496073,0.012555651222203902,0.10408130966444791,0.22723887426959674,0.014538049610352113
1.6500000000000001,0.5102566918541818,-0.08719401068226659,0.9771353530761824,1.1790502456877994,-0.25677060766400034,-0.0799787247834137,0.06492654076498537,0.20959317845934056,0.01404751178392073,0.11020253106544936,0.23245853460839766,0.015438168908639386
1.7000000000000002,0.5717477004221179,-0.1008000170812284,0.9728357803791025,1.2814540497271918,-0.28789834015196203,-0.09223314291189702,0.0709413518286149,0.2212619503755746,0.015675784699150087,0.11646319076008646,0.23753531964690464,0.016364521710773912
1.75,0.6384888459927627,-0.11602772944038788,0.9678882162684599,1.3890622809553028,-0.32165907662560833,-0.10591710521381091,0.07732411985380817,0.2331666590680876,0.017449675049000742,0.12285937603984645,0.24246605655971967,0.017317015382245258
1.8,0.7107412319686532,-0.13301182481212315,0.9622183362608983,1.5019081709448696,-0.35817371165053136,-0.12114527086680439,0.08408752259663772,0.24529787567467085,0.01937880777573692,0.1293870894971336,0.24724766379678137,0.01829555467448232
1.85,0.7887673109523022,-0.1518929939693493,0.9557459688274783,1.6200123594923805,-0.39756181686472897,-0.13803683847194767,0.09124454319198148,0.2576457859841851,0.021473236656357815,0.1360422515235241,0.2518771530092134,0.019300041734371436
1.9000000000000001,0.8728302407670545,-0.17281786270962704,0.9483848722670271,1.7433823212922863,-0.4399411359084352,-0.15671538747959046,0.0988084899955142,0.2702001751939339,0.023743452764013066,0.1428207028593843,0.25635163091695007,0.020330376114045298
1.9500000000000002,0.9631932121959699,-0.19593888745487217,0.9400425202334924,1.8720118088174569,-0.4854270615814137,-0.17730869048339049,0.10679301585027802,0.28295041166128554,0.02620039223357875,0.149718207193279,0.2606683011169567,0.021386454780919766
2.0,1.0601187493762685,-0.2214142242998852,0.9306198973904821,2.0058803165366372,-0.534132096949466,-0.19994849574774937,0.11521213649668895,0.29588542964129166,0.028855443105923327,0.1567304538095218,0.2648244658308677,0.022468172128012515
2.0500000000000003,1.1638679840493642,-0.24940757075623918,0.9200113066934194,2.1449525718310403,-0.586165302411914,-0.2247702795167569,0.12408024780104669,0.3089937110109845,0.031720450977805306,0.1638530602822378,0.2688175275910219,0.023575419984487506
2.1,1.274699905139502,-0.2800879795459611,0.9081041898173245,2.289178058159533,-0.6416317310341992,-0.2519129678571,0.13341214142753346,0.32226326599205973,0.034807723130400925,0.17108157521423126,0.27264499086380584,0.024708087626483646
2.15,1.392870585415113,-0.31362964392192855,0.8947789622550688,2.4384905761578786,-0.7006318547402851,-0.28151862801225513,0.14322301852168962,0.3356816128971672,0.03813003074859522,0.1784114810189653,0.27630446360925914,0.025866061788177946
2.2,1.5186323872734768,-0.35021165412877797,0.879908864606059,2.592807848435028,-0.7632609842436076,-0.3137321294891683,0.1535285009088492,0.34923575694148684,0.04170060877484261,0.1858381967439148,0.2797936587760382,0.027049226673123403
2.25,1.6522331499780167,-0.39001772476892915,0.863359831557795,2.752031173841786,-0.8296086858678746,-0.34870077535952554,0.16434463923847797,0.36291216818116206,0.045533152865132404,0.19335708093350104,0.2831103957307438,0.02825746396581665
2.3000000000000003,1.793915360965156,-0.43323589300237164,0.8449903800318084,2.916045136928033,-0.8997581986647525,-0.38657390453310847,0.1756879174243652,0.3766967586640651,0.04964181283000576,0.20096343452985319,0.28625260162074107,0.02949065284353164
2.35,1.9439153141203973,-0.48005818768515,0.8246515179204811,3.084717378168605,-0.9737858554688751,-0.4275024660475436,0.18757525264093794,0.39057485890690397,0.054041181850457407,0.20865250380957412,0.28921831266963455,0.030748669988410717
2.4000000000000004,2.1024622581972054,-0.5306802697387709,0.8021866747816931,3.2578984303203957,-1.051760511736052,-0.47163856671342647,0.20002399003759938,0.4045311938465246,0.05874628065695779,0.21641948335465366,0.29200567540455263,0.03203138959978701
2.45,2.2697775388131975,-0.5853010442394965,0.7774316557838361,3.435421625970939,-1.1337429861824306,-0.5191349937522833,0.2130518912263114,0.41854985845314757,0.0637725357501419,0.22425951905570268,0.2946129478145214,0.03333868340676815
2.5,2.4460737377017967,-0.6441222449208728,0.7502146201044041,3.617103080949705,-1.2197855173752699,-0.5701447143626295,0.22667711548348798,0.4326142932399628,0.06913575062479639,0.23216771114560708,0.29703850043915336,0.0346704206810647
2.5500000000000003,2.6315538131195306,-0.7073479919927893,0.7203560848812683,3.802741757797278,-1.3099312405147774,-0.6248203544416642,0.24091819248712096,0.44670725995776905,0.07485206883613173,0.24013911726173925,0.29928081738701456,0.03602646825005943
2.6,2.826410245505214,-0.7751843243935486,0.6876689556972689,3.9921196129258583,-1.404213688686518,-0.6833136589717701,0.2557939852862193,0.4608108178259381,0.0809379276212629,0.248168755534754,0.3013384972830042,0.03740669051012446
2.6500000000000004,3.030824192653167,-0.8478387078053141,0.6519585844465792,4.185001830460438,-1.5026563228511862,-0.7457749368466827,0.2713236420754388,0.4749063007226017,0.08741000066268151,0.25625160770210625,0.30321025414416464,0.03881094944018394
2.7,3.244964658794357,-0.9255195199751616,0.6130228552863451,4.381137145028772,-1.605272094769832,-0.8123524931565813,0.2875265352278215,0.4889742958381702,0.09428512845890102,0.2643826222443029,0.30489491818338826,0.040239104615513575
2.75,3.468987682073259,-1.0084355150909359,0.5706522992205744,4.580258254977161,-1.7120630469356206,-0.8831920521691765,0.3044221859290149,0.5029946243874549,0.10158023465656153,0.27255671754192873,0.30639143654048867,0.04169101322178727
2.8000000000000003,3.703035544961021,-1.0967952691602567,0.5246302376965963,4.782082326637285,-1.8230199533966722,-0.9584361744300447,0.32203017266519385,0.5169463250768442,0.10931222660609201,0.2807687850515,0.3076988739402057,0.043166530069351935
2.85,3.94723601215441,-1.190806608529335,0.4747329554193502,4.986311589368,-1.938122005108392,-1.0382236715552906,0.3403700217542885,0.5308076411337938,0.11749787833966283,0.2890136924981408,0.3088164132767257,0.04466550760775413
2.9000000000000004,4.201701600472916,-1.2906760238528086,0.42072990240719094,5.192634020158024,-2.0573365431491775,-1.122689022398902,0.3594610780885042,0.5445560118253645,0.12615369414810723,0.2972862870830783,0.309743356124339,0.04618779594048937
2.95,4.46652888518171,-1.3966080719837197,0.3623839251269688,5.400724115615176,-2.1806188427729785,-1.2119617943423417,0.37932235429055583,0.5581680695189475,0.13529575096778287,0.3055813987039805,0.3104791231739367,0.047733242839993764
3.0,4.741797847035286,-1.5088047683913195,0.2994515263581004,5.610243748201001,-2.307911950859761,-1.3061660734722378,0.3999723565941595,0.5716196434689154,0.14493951789662315,0.3138938431861048,0.31102325459506874,0.04930169376286465
3.0500000000000003,5.027571264155533,-1.627464972831145,0.23168315324761282,5.8208431026127565,-2.4391465788656,-1.4054199073815856,0.42142888596123385,0.5848857716438187,0.1550996513609882,0.3222184255222278,0.311375410323305,0.050892991865316456
3.1,5.323894152629718,-1.7527837710845566,0.15882351283316615,6.032161687285153,-2.574241052874352,-1.509834764249816,0.44370881326608375,0.5979407220345201,0.16578976477348434,0.330549943119371,0.3115353702727787,0.052506978018864774
3.1500000000000004,5.630793259440118,-1.8849518556518219,0.08061191413132424,6.243829415099032,-2.7131013218201288,-1.6195150117275408,0.46682782783387994,0.6107580249972994,0.17702217197999207,0.3388831890502337,0.3115030344737278,0.05414349082624091
3.2,5.948276611020515,-2.024154908322451,-0.003217364283700022,6.4554677465605215,-2.855621024392656,-1.734557418974096,0.49080015924019454,0.6233105182785862,0.18880760441489472,0.3472129553073727,0.311278423134975,0.05580236663752676
3.25,6.276333120378944,-2.1705729875578275,-0.09293468244760392,6.666690887968142,-3.0016816145653737,-1.855050684972504,0.5156382730812865,0.6355704064287632,0.201154902688022,0.355534036058019,0.3108616766312992,0.05748343956652174
3.3000000000000003,6.614932255335208,-2.3243799236037392,-0.18881462430639145,6.877107036431998,-3.151152545108748,-1.9810749959806804,0.5413525424276079,0.6475093363287179,0.2140706843314583,0.3638412308975684,0.31025305541569426,0.05918654150733715
3.35,6.964023770000726,-2.4857427242041843,-0.2911355616716399,7.086319663061758,-3.303891507878943,-2.1127016146741013,0.567950897883862,0.6590984905100958,0.2275589906473516,0.3721293480996558,0.30945293985661265,0.060911502151196506
3.4000000000000004,7.323537501182872,-2.6548209937133267,-0.4001791984721531,7.293928825209927,-3.4597447291150827,-2.2499925031991337,0.5954384605939553,0.6703086998329364,0.24162091701525792,0.3803932078608197,0.3084618300002311,0.06265814900347284
3.45,7.693383230932102,-2.8317663683007295,-0.5162300970455215,7.4995324983528375,-3.6185473174469602,-2.3929999819940706,0.6238171641277112,0.6811105768765855,0.2562542326187259,0.38862764553771245,0.3072803452579498,0.06442630740093827
3.5,8.073450615974492,-3.0167219698175085,-0.6395751882964902,7.702727918019869,-3.780123661818845,-2.541766425853409,0.6530853729262597,0.6914746710863267,0.2714529972937665,0.3968275148748285,0.3059092240192684,0.06621580052922363
3.5500000000000003,8.463609184291304,-3.2098218807398338,-0.7705032676130119,7.903112922145142,-3.9442878760829436,-2.696323998317443,0.6832375067970522,0.7013716462862978,0.2872071850190176,0.40498769122074363,0.30434932319033564,0.06802644944050702
3.6,8.863708398627875,-3.4111906424336462,-0.9093044784750224,8.100287284315442,-4.110844286616011,-2.856694425071353,0.7142636827414716,0.7107724806106142,0.30350232536280286,0.4131030747308731,0.3026016176583911,0.06985807307140846
3.6500000000000004,9.27357778624306,-3.620942778793344,-1.0562697857152878,8.293854028620885,-4.279587958971342,-3.0228888066433246,0.7461493870429395,0.7196486882174801,0.32031917585079545,0.42116859355468766,0.30066719968250083,0.0717104882610913
3.7,9.693027133754287,-3.8391823471005955,-1.2116904403964952,8.483420717175058,-4.450305259301244,-3.1949074703073084,0.7788751918897865,0.7279725613427601,0.3376334395681532,0.42917920700546425,0.2985472782109315,0.07358350976957932
3.75,10.121846745498129,-4.066002517730681,-1.3758574382547932,8.668600701850796,-4.622774446076005,-3.372739860729974,0.8124165316842015,0.735717430338539,0.35541554319101987,0.43712990871055835,0.2962431781255951,0.07547695029628049
3.8000000000000003,10.559807763417849,-4.301485184106283,-1.549060973628312,8.849014332365401,-4.796766287486548,-3.5563644685598135,0.8467435544184734,0.7428579383600666,0.37363049087632794,0.4450157297402072,0.29375633941404694,0.07739062049872401
3.85,11.006662546112802,-4.545700604066038,-1.731589890741168,9.024290113531894,-4.972044699850102,-3.7457487958450595,0.881821062914862,0.74937032635618,0.3922378088582551,0.45283174171296003,0.29108831626952864,0.07932432901148209
3.9000000000000004,11.462145104344122,-4.798707073580864,-1.9237311341507293,9.19406580525589,-5.148367402340278,-3.9408493568911585,0.9176085591900907,0.7552327230416755,0.41119159406874184,0.46057305987575825,0.2882407761196586,0.08127788246531431
3.95,11.925971589990617,-5.060550633518632,-2.12576920009037,9.357989459684692,-5.325486583432475,-4.141611712931944,0.9540604026398207,0.76042543365336,0.4304406775383252,0.4682348461567407,0.28521549858433937,0.08325108550650386
4.0,12.39784083519072,-5.331264809930363,-2.3379855903536018,9.515720390788866,-5.503149574588473,-4.347970538794421,0.9911260891418427,0.7649312205886407,0.44992890974143385,0.47581231218888576,0.2820143743635518,0.08524374081639192
4.05,12.877434938192922,-5.610870388111863,-2.560658270270525,9.666930072559504,-5.68109952689529,-4.559849719587,1.028750653645885,0.7687355685700312,0.4695955705239465,0.48330072230257726,0.2786394040557357,0.08725564913110874
4.1000000000000005,13.364419892269053,-5.899375220486357,-2.7940611322262194,9.81130296291873,-5.859076086616374,-4.777162475335871,1.0668751935562941,0.7718269268360547,0.4893759009935902,0.49069539648525484,0.27509269690747096,0.0892866092614963
4.15,13.858446253922507,-6.1967740681585886,-3.038463466065217,9.94853725134996,-6.036816065900835,-4.999811511433616,1.1054375045275777,0.7741969210773735,0.5092017490717524,0.49799171330626024,0.2713764694952795,0.09133641811323735
4.2,14.359149846546039,-6.503048475811122,-3.2941294376188037,10.078345529141552,-6.214054105220687,-5.227689192746668,1.1443728145716872,0.7758405284409048,0.5290023146882038,0.5051851128050842,0.26749304434032034,0.0934048707071516
4.25,14.866152495650004,-6.818166679450797,-3.561317576484641,10.200455381988034,-6.390523324458677,-5.460677739251543,1.1836145970591543,0.7767562099084093,0.548704975287164,0.5122710993411985,0.2634448484569084,0.09549176019970515
4.3,15.379062791789277,-7.142083546368659,-3.8402802740830615,10.314609905493677,-6.565955959941662,-5.69864944113053,1.2230954387262754,0.7769459956808761,0.5682361678464829,0.5192452444036748,0.2592344118356932,0.09759687790368884
4.3500000000000005,15.897476877363136,-7.474740546550999,-4.1312632929131725,10.420568144862356,-6.740083985098181,-5.941466891351924,1.2627479355714497,0.7764155207955338,0.5875223003853177,0.5261031893788678,0.2548643658625045,0.09972001330908378
4.4,16.420979253543617,-7.816065754672737,-4.434505287836128,10.518105460725828,-6.912639712805572,-6.188983233883227,1.3025055878313212,0.7751740099715687,0.6064906642452078,0.5328406482744008,0.25033744167383154,0.10186095410412181
4.45,16.94914360370052,-8.165973881717258,-4.750237340123945,10.607013823652577,-7.083356377874048,-6.441042425833151,1.342303665230072,0.7732342125091942,0.6250703184332593,0.5394534103977814,0.24565646844992983,0.10401948619650546
4.5,17.481533629831393,-8.524366335198472,-5.078682504931141,10.687102040385899,-7.251968698485259,-6.697479511984449,1.3820800153928618,0.7706122898341293,0.6431929190138612,0.5459373429879363,0.24082437164669088,0.10619539373482449
4.55,18.017703898668127,-8.89113130691064,-5.420055372773996,10.75819591527989,-7.41821341575477,-6.9581209103591775,1.42177579154807,0.7673276598716764,0.660793469767828,0.5522883937980593,0.23584417116733009,0.10838845913013827
4.6000000000000005,18.55720069431391,-9.266143887098313,-5.774561645539027,10.820138350734661,-7.581829810915965,-7.22278470764565,1.461336080116595,0.7634028037550752,0.6778109748088188,0.558502593628129,0.2307189794750312,0.11059846307773649
4.65,19.099562874460823,-9.649266203921181,-6.14239772748846,10.87278939067803,-7.7425601999226,-7.49128096350688,1.500710414105941,0.7588630413519488,0.6941889791620065,0.5645760588055321,0.2254519996477702,0.11282518457906499
4.7,19.644322727445182,-10.040347587085385,-6.523750331686227,10.916026211303167,-7.900150405534941,-7.763412022978793,1.5398531639497188,0.7537362826925522,0.7098759890265943,0.5705049936122304,0.22004652337649155,0.1150684009638299
4.75,20.191006827610547,-10.439224754521998,-6.918796102233014,10.9497430633542,-8.05435020718752,-8.038972836348467,1.578723803120664,0.7480527625991615,0.7248257691227449,0.5762856926569679,0.21450592890790895,0.11732788791225743
4.800000000000001,20.739136886663406,-10.845722021013405,-7.327701252672714,10.973851170260165,-8.204913769133364,-8.317751286074023,1.6172870511079342,0.7418447656722699,0.738997519775181,0.5819145431910088,0.20883367893321303,0.1196034194775406
4.8500000000000005,21.288230598920414,-11.259651527697192,-7.750621220914758,10.988278586358682,-8.351600047519367,-8.599528520464991,1.6555129008816802,0.7351463483353581,0.7523559409042093,0.5873880273659995,0.2030333184239972,0.12189476810842043
4.9,21.837802478555293,-11.680813491413115,-8.187700341006265,10.992970019331445,-8.49417317717045,-8.884079293982177,1.6933765415668438,0.727993063941311,0.7648711936771009,0.5927027244324987,0.19710847241676707,0.12420170467193972
4.95,22.38736468715562,-12.108996472899888,-8.639071532084047,10.987886620802266,-8.632402838947195,-9.171172314136706,1.7308581896176005,0.7204216960735457,0.7765187731221406,0.5978553128778419,0.19106284374741822,0.12652399847636456
5.0,22.936427850091945,-12.543977662893294,-9.104856004838055,10.973005748833213,-8.76606460859434,-9.460570595067486,1.7679428433250313,0.7124700042074373,0.7872793065251613,0.6028425725019707,0.1849002107370738,0.12886141729425388
5.050000000000001,23.4845018603824,-12.985523185223554,-9.585162985823807,10.948320705803571,-8.894940288018175,-9.752031817953378,1.8046199760836663,0.7041764849005627,0.7971382929939914,0.6076613864299661,0.17862442483076313,0.13121372738566986
5.1000000000000005,24.031096668903313,-13.43338841605674,-10.08008945997065,10.913840454878583,-9.018818219922135,-10.045308698470615,1.8408831836234938,0.695580150711125,0.806085799325753,0.6123087430599796,0.17223940819039388,0.13358069352156185
5.15,24.575723059949276,-13.887318318470685,-10.589719931644058,10.869589317977837,-9.137493586694816,-10.340149361537023,1.8767297995506063,0.6867203281473577,0.8141161264129846,0.616781737945399,0.1657491512435231,0.13596207900729324
5.2,25.117893411284054,-14.347047791599215,-11.114126204632601,10.815606657844741,-9.250768694386704,-10.63629772359327,1.9121604922097735,0.6776364751578654,0.8212274590549624,0.6210775756100193,0.15915771018947553,0.13835764570629536
5.25,25.657122437945837,-14.812302033618437,-11.653367181442418,10.751946546505646,-9.35845324253456,-10.933493882658121,1.9471788542565625,0.668368018002078,0.827421510371069,0.6251935712951384,0.1524692044643487,0.14076715406389917
5.300000000000001,26.19292791917705,-15.282796917884559,-12.207488682293208,10.678677422096413,-9.460364580499352,-11.231474516361164,1.9817909945564764,0.6589542067984937,0.8327031701950703,0.6291271526374332,0.14568781416650264,0.1431903631312758
5.3500000000000005,26.7248314079402,-15.758239381563365,-12.776523284218612,10.595881735731309,-9.556327950878392,-11.52997328810407,2.0160051402388235,0.6494339886344515,0.8370801649878353,0.6328758612766116,0.13881777744412846,0.14562703058953655
5.4,27.252358922557704,-16.23832782611672,-13.36049018067978,10.503655589799113,-9.6461767204387,-11.828721261432221,2.0498312550192996,0.6398458968265615,0.8405627350374587,0.6364373543917953,0.1318633878465505,0.14807691277396712
5.45,27.775041620075854,-16.722752529030874,-13.959395062102956,10.402108368798466,-9.729752598899656,-12.127447322614387,2.083280678334743,0.6302279547330663,0.8431633330876724,0.6398094061657223,0.1248289916408882,0.15053976469838978
5.5,28.292416451002484,-17.211196066184712,-14.573230017749465,10.291362363572299,-9.806905845772334,-12.42587861133153,2.1163657884476734,0.6206175924233998,0.8448963470901414,0.642989909175796,0.11771898509579369,0.15301534007966372
5.550000000000001,28.804026795104892,-17.703333744263443,-15.201973459318808,10.171552389572405,-9.877495465343094,-12.723740959268984,2.1490996914971805,0.6110515744903536,0.8457778485348024,0.6459768757111661,0.11053781173391573,0.15550339136231472
5.6000000000000005,29.30942307798103,-18.19883404262474,-15.845590066672578,10.04282539958182,-9.941389389773146,-13.020759336291583,2.1814959374996943,0.6015659373312271,0.8458253667792943,0.648768439014979,0.10328995955485008,0.1580036697432882
5.65,29.8081633681338,-18.69735906402008,-16.504030756047797,9.905340091146094,-9.998464650175963,-13.316658303761388,2.213568263529258,0.5921959343119476,0.8450576889661643,0.6513628544510369,0.09597995823027722,0.16051592519683075
5.7,30.29981395428702,-19.19856499356461,-17.177232671103244,9.759266508815314,-10.048607535432854,-13.611162474434568,2.24533036371485,0.5829759873498611,0.8434946844693605,0.6537585005941453,0.08861237627307644,0.16303990649949027
5.75,30.78394990268354,-19.702102565334506,-17.865119197111056,9.604785641177207,-10.091713738415505,-13.90399697825034,2.276795685260155,0.5739396435959498,0.8411571523293213,0.655953880243447,0.08119181818214385,0.16557536125523675
5.800000000000001,31.260155594102535,-20.207617535952224,-18.567599998568486,9.442089012567193,-10.127688489204141,-14.19488793320253,2.307977249394749,0.5651195360567438,0.8380666897965545,0.6579476213581253,0.07372292156474039,0.16812203592070948
5.8500000000000005,31.72802524032555,-20.714751164497653,-19.284571080461212,9.271378269273189,-10.156446674822421,-14.483562920365598,2.338887495980585,0.5565473471629548,0.8342455798846865,0.6597384779148795,0.06621035423812713,0.17067967583056365
5.9,32.18716337977046,-21.223140698057946,-20.015914873360334,9.092864760010041,-10.177912944955954,-14.76975146203355,2.369538150400826,0.5482537744602195,0.8297166957145059,0.6613253306866591,0.05865881131233636,0.17324802522294092
5.95,32.63718535200079,-21.73241986220096,-20.761500342480453,8.906769110418999,-10.192021803081001,-15.053185501823855,2.399940111328193,0.5402684977629131,0.8245034193915024,0.6627071879421325,0.05107301225588761,0.17582682726504273
6.0,33.07771775080556,-22.242219355627896,-21.521183120766295,8.71332079135004,-10.198717682403698,-15.333599885500787,2.430103357988548,0.5326201472715031,0.8186295731841968,0.6638831860654997,0.04345769794625773,0.1784158240788116
6.050000000000001,33.508398855533116,-22.752167348230444,-22.29480566601088,8.512757680706883,-10.197955005998022,-15.610732841184843,2.4600368755863613,0.5253362723048651,0.8121193608450721,0.6648525900962139,0.03581762770700296,0.18101475676672465
6.1000000000000005,33.928879040352385,-23.261889981747032,-23.08219744193958,8.305325618674228,-10.18969823053244,-15.884326457538098,2.489748597628785,0.5184433104395713,0.8049973170284499,0.6656147941883114,0.028157576333328677,0.18362336543767868
6.15,34.33882116110731,-23.771011872182672,-23.883175123122225,8.091277956201653,-10.17392187299036,-16.154127158450628,2.5192453639635715,0.5119665569770304,0.7972882629006989,0.6661693219890427,0.02048233110799928,0.18624138923297864
6.2,34.737900919425535,-24.27915661312777,-24.69754282350032,7.870875096686659,-10.150610519817423,-16.41988617270095,2.548532893424659,0.5059301347754952,0.7890172662000438,0.6665158269365848,0.012796688809437571,0.18886856635242802
6.25,35.12580720374141,-24.785947279083892,-25.52509234823908,7.644384030878003,-10.11975881796858,-16.681359997024476,2.577615770051722,0.5003569645866017,0.7802096041798664,0.6666540924766252,0.005105452713906441,0.19150463408050672
6.300000000000001,35.5022424068968,-25.29100692787931,-26.365603468534932,7.412077865107564,-10.081371447379004,-16.93831085099858,2.6064974419119964,0.4952687361246833,0.7708907280558326,0.6665840321977017,-0.0025865704064011175,0.1941493288126376
6.3500000000000005,35.86692271999064,-25.793959101234908,-27.2188442189293,7.174235343052378,-10.035463074443925,-17.190507122140968,2.635180231601567,0.49068588017116604,0.7610862277694419,0.6663056898852091,-0.01027457328741589,0.19680238608155223
6.4,36.219578402160884,-26.29442832252196,-28.08457121659923,6.931140361325809,-9.982058286162546,-17.437723799619977,2.6636653575378,0.4866275420756012,0.7508217960753211,0.6658192394940294,-0.01795375117759342,0.19946354058373097
6.45,36.55995402599983,-26.792040590737933,-28.962530002015736,6.68308147929639,-9.921191504679147,-17.67974289499054,2.691952965174631,0.4831115570591359,0.7401231911538293,0.6651249850398254,-0.025619304840724992,0.20213252620594505
6.5,36.88780869832625,-27.286423869715307,-29.85245540028202,6.4303514236324455,-9.852906882038882,-17.91635384839797,2.7200421672789314,0.48015442775544304,0.7290161971416315,0.6642233604090305,-0.033266443555290195,0.20480907605185275
6.550000000000001,37.20291625606512,-27.77720857157142,-30.75407190238688,6.17324658816878,-9.777258175065725,-18.147353918732644,2.7479310924009446,0.47777130443846766,0.7175265821582965,0.6631149290876912,-0.0408903881085195,0.20749292246870335
6.6000000000000005,37.50506543701794,-28.26402803340508,-31.66709406553396,5.912066529786604,-9.694308600363991,-18.37254855627159,2.775616940657116,0.47597596838613965,0.7056800535842277,0.6618003838092997,-0.04848637378323906,0.2101837970740898
6.65,37.794060025343484,-28.746518986248187,-32.591226931635966,5.647113461088298,-9.604130669541837,-18.591751756407415,2.803096045922422,0.4747808188150245,0.6935022105119335,0.660280546121867,-0.056049653335660525,0.21288143078279298
6.7,38.069718971610065,-29.224322015287992,-33.526166462994716,5.378691740733132,-9.506806004853894,-18.804786393139782,2.8303639435045187,0.47419686379354065,0.681018493446463,0.6585563658744737,-0.06357549996225711,0.215585553833694
6.75,38.33187648732561,-29.697082010387913,-34.47159999412379,5.107107362377702,-9.402425135559456,-19.011484531089224,2.8574154423469365,0.4742337155019333,0.66825413146955,0.6566289206236509,-0.07105921025386938,0.2182958958167368
6.800000000000001,38.58038211390087,-30.16444860595221,-35.427206698610824,4.832667443234649,-9.291087275391499,-19.211687714886395,2.884244700786135,0.4748995901569655,0.6552340872035963,0.6544994149599369,-0.07849610713516503,0.2210121856999826
6.8500000000000005,38.815100766053284,-30.62607660920193,-36.392658069861646,4.555679713324397,-9.172900081629095,-19.40524723489095,2.9108453048704894,0.47620131285982925,0.6419830000143041,0.6521691797550564,-0.08588154278767893,0.22373415185670908
6.9,39.03591274971421,-31.081626415956613,-37.3676184145188,4.276452006546708,-9.047979396360558,-19.592024368302045,2.93721034824061,0.4781443275588329,0.6285251279731189,0.649639671330161,-0.0932109015545309,0.22646152209256581
6.95,39.242713754559404,-31.530764413047887,-38.351745357302995,3.995291754741176,-8.916448970616027,-19.771890594835995,2.9633325125719665,0.48073271224591907,0.6148842891616491,0.6469124705456734,-0.10047960282507518,0.2291940236728007
7.0,39.435414821342356,-31.973163366527224,-39.3446903559876,3.7125054859383013,-8.778440172135374,-19.944727786264924,2.989204147593997,0.4839691994300322,0.6010838029393607,0.6439892818133114,-0.1076831038976196,0.23193138334953686
7.050000000000001,39.61394228427034,-32.40850279487048,-40.34609922518423,3.428398328025115,-8.634091677619496,-20.110428369231947,3.014817349725677,0.48785520185287656,0.5871464318131006,0.6408719320308764,-0.11481690281848418,0.23467332738908753
7.1000000000000005,39.77823768872486,-32.83646932642622,-41.3556126675911,3.1432735190616357,-8.483549150389646,-20.268895460882923,3.0401640384061066,0.49239084333574956,0.5730943245428975,0.6375623694405115,-0.12187654119555542,0.23741958159933005
7.15,39.92825768469005,-33.25675704040279,-42.37286681133621,2.8574319254866762,-8.326964904449898,-20.42004297698065,3.0652360292496392,0.49757499457189297,0.5589489610940925,0.634062662411104,-0.12885760698464557,0.24016987135713763
7.2,40.06397389631424,-33.669067790740584,-43.397493752033654,2.571171569443981,-8.16449755601158,-20.5637957122939,3.090025103217432,0.5034053136090197,0.5447311000026805,0.630374998145627,-0.13575573724688536,0.24292392163582202
7.25,40.18537276809115,-34.07311151227017,-44.42912209816439,2.2847871664425914,-7.996311663595268,-20.700089393179717,3.1145230710694256,0.5098782907029834,0.5304607286607784,0.6265016813142068,-0.1425666208754009,0.2456814570326521
7.300000000000001,40.29245538820732,-34.46860650861417,-45.46737751839152,1.9985696745391637,-7.822577357875321,-20.828870702402092,3.13872183244069,0.5169892971673483,0.516157016954633,0.6224451326137839,-0.1492860012896335,0.24844220179638576
7.3500000000000005,40.385237289660786,-34.85527972135003,-46.51188328942566,1.712805856195085,-7.643469962473769,-20.950097276352597,3.162613428971345,0.5247326377959901,0.5018382746010768,0.618207887255247,-0.15590967909554512,0.25120587985484694
7.4,40.46374822981266,-35.232866980011956,-47.56226084306708,1.427777853918258,-7.4591696069444575,-21.063737674958038,3.1861900910072274,0.5331016063975844,0.48752191243241977,0.6137925933790163,-0.1624335147101176,0.2539722148425325
7.45,40.52803194908765,-35.601113232573226,-48.61813031106854,1.1437627807488806,-7.269860833214753,-21.16977132467585,3.209444277476323,0.5420885439523835,0.47322440777704633,0.6092020104000433,-0.16885343094845315,0.25674093012825083
7.5,40.57814590959093,-35.95977275611378,-49.67911106648551,0.8610323265910893,-7.0757321967706295,-21.26818843508909,3.2323687086308026,0.5516848988831734,0.45896127397590303,0.6044390072832565,-0.17516541557187698,0.25951174884277844
7.550000000000001,40.61416101445743,-36.308609347442626,-50.74482226020883,0.5798523813286298,-6.87697586388188,-21.358989889719012,3.2549563914234554,0.5618812889235759,0.4447470339658249,0.5995065607505613,-0.18136552379546592,0.2622843939065515
7.6000000000000005,40.636161308794755,-36.64739649350965,-51.81488335140816,0.30048267559346054,-6.6737872061674945,-21.442187111773517,3.2772006373577027,0.5726675640674594,0.43059519775107724,0.5944077534204862,-0.18744988075340427,0.265058588057377
7.65,40.64424366312255,-36.97591752150617,-52.88891463065309,0.02317643998208513,-6.466364393797213,-21.517801905644035,3.2990950727095187,0.5840328700924726,0.41651824347596783,0.5891457718816372,-0.19341468392064354,0.2678340538781493
7.7,40.638517440249,-37.293965728618275,-53.96653773452126,-0.2518199165638144,-6.25490798861408,-21.585866275050975,3.3206336410651565,0.5959657121677169,0.4025276017047405,0.5837239047011902,-0.1992562054893698,0.2706105138246033
7.75,40.619104146558804,-37.601344491460786,-55.047376150550356,-0.5242671085774989,-6.039620538444852,-21.6464222188185,3.341810598148231,0.6084540180793012,0.38863364241042425,0.578145540369646,-0.20497079469875348,0.2733876902530541
7.800000000000001,40.58613706871686,-37.89786735528233,-56.13105571144135,-0.7939332555374022,-5.820706173840623,-21.699521505332832,3.362620498921336,0.6214852006368251,0.37484566407143527,0.5724141651831284,-0.21055488011655069,0.27616530544817564
7.8500000000000005,40.53976089681692,-38.18335810309354,-57.21720507747495,-1.0605941425231027,-5.598370208459427,-21.745225426804172,3.3830581769387953,0.6350462188575167,0.3611718841723337,0.5665333610645636,-0.21600497187115328,0.2789430816507621
7.9,40.48013133502595,-38.457650804929976,-58.305456206160734,-1.324033459680217,-5.372818744266254,-21.783604534510616,3.403118715896218,0.6491236375615863,0.34761943030124876,0.5605068033250972,-0.22131766383261633,0.2817207410855083
7.95,40.40741470079109,-38.720589847519214,-59.395444808198455,-1.5840430202055633,-5.144258282684344,-21.814738356253024,3.422797413266716,0.66370368505114,0.3341943309282486,0.5543382583671431,-0.22648963574140177,0.28449800598878655
8.0,40.321787513688804,-38.972029944677004,-60.48681078889385,-1.8404229566520747,-4.912895342785153,-21.83871509729259,3.4420897358301197,0.6787723085845679,0.3209015048324991,0.5480315813305032,-0.23151765528342252,0.28727459863641586
8.05,40.22343607500329,-39.21183612881061,-61.579198674235506,-2.0929818954404293,-4.678936087553588,-21.8556313260779,3.4609912667866447,0.6943152273975903,0.30774474801643786,0.5415907136830366,-0.2363985801101335,0.29005024137145097
8.1,40.11255603912485,-39.439883723957855,-62.67225802090562,-2.341537109550646,-4.442585959210405,-21.86559164609572,3.4794976439956313,0.7103179830600825,0.2947267167960307,0.5350196807573627,-0.24112935980239966,0.2928246566319295
8.15,39.98935197785815,-39.65605830083808,-63.76564380956453,-2.5859146494513987,-4.204049324515545,-21.868708355199487,3.4976044886870894,0.7267659869934768,0.281848905579437,0.5283225892351664,-0.2457070377769034,0.2955975669786386
8.200000000000001,39.85403693872538,-39.8602556144359,-64.85901682081706,-2.8259494524070683,-3.9635291309151226,-21.86510109378213,3.5153073237508043,0.7436445650060821,0.26911161763193536,0.5215036245806459,-0.25012875313392274,0.29836869512285263
8.25,39.706831998340114,-40.05238152468013,-65.95204399333726,-3.0614854303820893,-3.721226574331312,-21.854896483164953,3.532601480403929,0.7609389987322599,0.25651392685984653,0.5145670484247452,-0.2543917424452908,0.30113776395406605
8.3,39.54796581191508,-40.23235190081876,-67.0443987636964,-3.292375536838555,-3.4773407793288738,-21.838227755572948,3.5494819916589178,0.7786345638852638,0.24405362831394428,0.5075171959017665,-0.25849334148145775,0.3039044965677035
8.35,39.37767415995012,-40.40009251012568,-68.13576138750804,-3.518481812795947,-3.2320684923251366,-21.81523437705855,3.5659434705400646,0.7967165652518826,0.23172717469214782,0.5003584729400526,-0.2624309868765371,0.30666861629281067
8.4,39.196199493126684,-40.55553889160657,-69.22581924157083,-3.7396754125909246,-2.9856037884422006,-21.786061664721462,3.581979970402883,0.8151703683689658,0.21952959558434676,0.49309535350843003,-0.26620221773033464,0.30942984671971624
8.450000000000001,39.00379047641144,-40.69863621539967,-70.31426710675765,-3.955836609840051,-2.7381377925315165,-21.750860399551623,3.59758482396115,0.833981427826423,0.2074543955123647,0.4857323768201185,-0.2698046771463208,0.31218791172768173
8.5,38.800701533345055,-40.829339128591855,-71.4008074314645,-4.166854784168909,-2.4898584148321827,-21.709786436196513,3.612750456674333,0.8531353121371212,0.19549342592649976,0.4782741444958729,-0.27323611370462747,0.31494253551250195
8.55,38.587192391462594,-40.94761158819174,-72.48515057549744,-4.372628389327083,-2.2409501016557036,-21.663000310922556,3.627468168928902,0.8726177250995918,0.18363672516106092,0.47072531768811826,-0.2764943828691079,0.3176934426140955
8.6,38.36352762975962,-41.05342668201965,-73.5670150343383,-4.573064903359764,-1.99159360142195,-21.610666849004552,3.641727879872391,0.8924145235523554,0.1718723188354697,0.46309061416788705,-0.2795774483275939,0.3204403579440446
8.65,38.129976229083454,-41.1467664382886,-74.64612764379044,-4.768080761553189,-1.7419657463040257,-21.552954772736456,3.65551782370713,0.9125117313758724,0.1601859711920069,0.4553748053763565,-0.2824833832645295,0.32318300681310475
8.700000000000001,37.88681112629204,-41.22762162466197,-75.72222376506474,-4.957601272912645,-1.492239249673975,-21.490036311212545,3.668824186551432,0.9328955495352458,0.14856087521563682,0.4475827134428619,-0.28521037156517104,0.3259211149586739
8.75,37.63430877298417,-41.2959915375812,-76.79504745042192,-5.141560520968326,-1.2425825194771065,-21.422086812979998,3.681630668390972,0.9535523618676245,0.13697726584625083,0.4397192081712176,-0.2877567089506022,0.32865440857222056
8.8,37.372748699563964,-41.35188378266197,-77.86435158954129,-5.319901249735909,-0.9931594876004199,-21.349284362612806,3.6939179498329144,0.9744687361938208,0.1254119358295856,0.4317892039962499,-0.2901208040428399,0.33138261432665983
8.85,37.102413085360716,-41.395314046958866,-78.92989803683716,-5.4925747356853325,-0.7441294552404543,-21.271809402203164,3.705663036852729,0.9956314201610074,0.11383762727252704,0.4237976569124364,-0.29230117935940575,0.3341054594036892
8.9,36.82358633548191,-41.42630586389747,-79.99145771999255,-5.659540646593021,-0.49564695421807703,-21.189844358710335,3.716838447780316,1.0170273309834534,0.10222226306305826,0.41574956137657015,-0.29429647223670324,0.3368226715210727
8.950000000000001,36.5365546650329,-41.44489037166873,-81.04881073002535,-5.820766888169663,-0.24786162413248433,-21.103573278048977,3.727411194364808,1.0386435379129035,0.09052796994162432,0.40764994718638137,-0.296105435681634,0.3395339789598621
9.0,36.24160569129195,-41.451106065873816,-82.10174639324471,-5.97622943936791,-0.0009181051941554719,-21.013181466739358,3.7373414913287597,1.06046723579701,0.0787098276117588,0.3995038763370851,-0.29772693915092746,0.3422391105915715
9.05,35.93902803438387,-41.44499854719837,-83.15006332549515,-6.125912177281949,0.2450440534731309,-20.918855141881195,3.7465811040121575,1.082485707408654,0.06671425349335353,0.3913164398577979,-0.29915996925769944,0.3449377959052921
9.1,35.62911092694964,-41.426620264883276,-84.19356946912244,-6.269806692554172,0.48989047031776967,-20.820781090151325,3.7550712078804263,1.1046862712511092,0.05447689691789842,0.38309275462980724,-0.3004036304047826,0.347629765034743
9.15,35.31214383326395,-41.39603025674549,-85.23208211312843,-6.407912096203108,0.7334919929333974,-20.719146336463353,3.7627395811355218,1.1270562101064878,0.04191986404865788,0.3748379601886866,-0.30145714534443535,0.35031474878525476
9.200000000000001,34.98841607820657,-41.35329388648592,-86.2654278970131,-6.540234818781731,0.9757247450600697,-20.614137822865125,3.76949687334042,1.1495826734453332,0.02894801649557207,0.3665572155122569,-0.3023198556641207,0.35299247866068917
9.25,34.658216486448545,-41.29848257900395,-87.29344279882852,-6.666788402766391,1.2164701593912675,-20.5059420981874,3.775231574053662,1.1722525435400233,0.015443967693748282,0.35825569579639177,-0.30299122219796837,0.3556626868902894
9.3,34.32183303216933,-41.23167355441801,-88.3159721079942,-6.787593289064116,1.4556149965984408,-20.394745018894543,3.779803121360763,1.1950522500308867,0.001261217014686778,0.34993858922068327,-0.3034708253637523,0.3583251064554547
9.35,33.9795524995768,-41.15294956147048,-89.33287038344392,-6.902676598510271,1.6930513510156,-20.28073146152506,3.783032298953623,1.2179675095913225,-0.013785429648423756,0.3416110937060126,-0.30375836542510143,0.36097947111645345
9.4,33.63166015445901,-41.062398610972394,-90.3440013976923,-7.012071909209778,1.928676643454103,-20.164085047045795,3.784687598755733,1.2409829541256292,-0.029933475727475067,0.3332784136660058,-0.30385366267883857,0.3636255154390255
9.450000000000001,33.27843942695429,-40.960113709919156,-91.34923806742358,-7.1158190305537286,2.1623936016423833,-20.04498787737668,3.7844654422780715,1.26408158878878,-0.04749249297309644,0.3249457567544451,-0.3037566575672808,0.366262974820949
9.5,32.920171605684736,-40.846192596883434,-92.34846237121639,-7.213963774719814,2.394110228807045,-19.92362028427003,3.7819608138095475,1.28724398285437,-0.06687347038816052,0.31661833061065975,-0.30346741071546707,0.36889158551848145
9.55,32.5571355433583,-40.72073747926506,-93.34156525502469,-7.306557726440446,2.623739760930747,-19.800160590642133,3.776622494749344,1.310447028056065,-0.08863356368853192,0.3083013396049196,-0.3029861028932628,0.3715110846727429
9.600000000000001,32.18960737390496,-40.583854772950666,-94.32844652603644,-7.393658011798237,2.851200613238839,-19.674784884341943,3.767682773564608,1.333661972003034,-0.11354637070052968,0.2999999815858746,-0.3023130349023911,0.37412121033600293
9.65,31.817860241173676,-40.43565484490799,-95.30901473552248,-7.4753270667878775,3.076416316480744,-19.547666804174295,3.754043330738339,1.3568511880645657,-0.14271603322060694,0.2917194446320662,-0.3014486273884367,0.37672170149786716
9.700000000000001,31.442164039177296,-40.27625175921117,-96.28318705126108,-7.5516324063733515,3.2993154435817478,-19.418977337724634,3.734082881985722,1.3799626424245746,-0.17776958194489195,0.28346490380954786,-0.30039342057795543,0.37931229811138906
9.75,31.062785163830416,-40.105763026963835,-97.25088912005383,-7.6226463947879255,3.5198315272358687,-19.288884630093385,3.705319090669779,1.4029199446953715,-0.22119501341763576,0.275241517937634,-0.29914807394085996,0.38189274111906385
9.8,30.6799862760751,-39.92430936055544,-98.2120549206711,-7.688446017925182,3.737902968943239,-19.157553802092682,3.6637869769316698,1.425603424411482,-0.27696287136969716,0.2670544263648149,-0.2977133657782588,0.38446277247874294
9.850000000000001,30.29402607622202,-39.73201443265003,-99.16662660709348,-7.749112659047915,3.9534729396582833,-19.025146776797516,3.6028447499246896,1.4478117714713865,-0.35172040606094485,0.2589087457568228,-0.2960901927360484,0.387022135189432
9.9,29.905159089235774,-39.52900464025444,-100.11455434060242,-7.804731880561658,4.166489270760766,-18.89182212030155,3.510814115310753,1.4691787978379178,-0.4571512602508263,0.25080956689887896,-0.2942795692445497,0.3895705733169914
9.950000000000001,29.513635460601588,-39.315408874111704,-101.05579610578944,-7.855393221401786,4.3769043290227625,-18.757734930850376,3.3665074479109265,1.4889821351573287,-0.6144482968005969,0.24276195151413538,-0.29228262688450374,0.3921078320197354
10.0,29.119700762888193,-39.091358293537375,-101.99031750125481,-7.9011900424375705,4.584674867317343,-18.62303673387379,3.1335597844957648,1.505709346816754,-0.8599816310698005,0.23477092910024716,-0.29010061367987855,0.3946336575739036
10.05,28.723595817152933,-38.856986108713905,-102.91809155541561,-7.9422193294959476,4.789761953787808,-18.487874555767334,2.772782824889395,1.5163688353925049,-1.2329446587308983,0.22684149378609986,-0.28773489331790575,0.39714779739904776
10.100000000000001,28.325556533693806,-38.61242738562165,-103.83909901696903,-7.978580405146984,4.992130723920369,-18.352402661996692,2.3262886622831296,1.5171536381456585,-1.6912301806398915,0.2189786012106543,-0.28518694429679997,0.39965000008327983
10.15,27.92581375509301,-38.3578188400805,-104.75332845782837,-8.010375962733873,5.191750255501121,-18.216770489501453,1.9458168163484373,1.5076535716273327,-2.0831033045104244,0.2111871654258169,-0.2824583590017618,0.4021400154084172
10.200000000000001,27.524593124974594,-38.09329859436816,-105.66077467316913,-8.037712418890813,5.388594893594673,-18.081081385295455,1.6949164358320057,1.491444564334533,-2.3450190258181776,0.20347205582533542,-0.27955084270978076,0.4046175943750026
10.25,27.122114894112702,-37.81900598266227,-106.56143807247551,-8.060698908410355,5.582641414958978,-17.945475869612824,1.538989996200686,1.4717481233412297,-2.511579524438441,0.19583809410156874,-0.2764662125238954,0.40708248922720225
10.3,26.718593782433572,-37.53508141377514,-107.45532609510282,-8.079446955729187,5.7738702203412755,-17.810088109106132,1.4393903393666896,1.4502486793091658,-2.621436366128552,0.18829005123209935,-0.27320639623756293,0.4095344534775863
10.350000000000001,26.3142388747295,-37.24166618729387,-108.34245276472635,-8.094070272827315,5.962265332013575,-17.675043171325076,1.37296703722659,1.4277481272580537,-2.6977441442279204,0.18083264449802366,-0.2697734311298506,0.4119732419317723
10.4,25.90925351670379,-36.938902317006544,-109.22283824446211,-8.104684713151261,6.14781413690744,-17.54046092749202,1.326960637738785,1.4046470566199514,-2.7532663153019676,0.17347053453579858,-0.26616946269220393,0.41439861071294976
10.450000000000001,25.503835211618956,-36.62693236707334,-110.09650858208501,-8.111408137625093,6.330507202944059,-17.406456932621406,1.294160985649943,1.3811614436174702,-2.7952168935147803,0.16620832242450598,-0.26239674328758217,0.41681031728625806
10.5,25.098175523557796,-36.30589929703661,-110.96349549569752,-8.114360256473216,6.510338118551297,-17.273142535084464,1.270294947573498,1.3574165383190928,-2.82787272628741,0.15905054681032002,-0.2584576307428054,0.41920812048305167
10.55,24.69245998862516,-35.97594631471611,-111.82383616385847,-8.113662471757898,6.687303337310938,-17.140624867232297,1.252704886818873,1.3334897189024968,-2.8538950185961207,0.15200168107000067,-0.2543545868749892,0.42159178052500956
10.600000000000001,24.28686803398939,-35.63721673682296,-112.67757301500448,-8.109437725707775,6.861402023817662,-17.00900683044658,1.239664731571632,1.309431424919931,-2.8750132641259127,0.14506613051518816,-0.250090175952995,0.42396105904811443
10.65,23.881572904420608,-35.28985385725878,-113.52475351612942,-8.101810355540154,7.032635900060595,-16.87838709002984,1.2300105085372919,1.2852760659759839,-2.8923947112622574,0.13824822963921976,-0.24566706309483352,0.4263157191264851
10.700000000000001,23.476741595971774,-34.93400082307833,-114.36542996129886,-8.090905954691292,7.201009092373071,-16.748860080092644,1.2229315174061972,1.2610480417907173,-2.9068531884689466,0.131552239408207,-0.2410880126020588,0.428655525296077
10.75,23.072534796467714,-34.56980051808408,-115.19965926053037,-8.076851240263414,7.366527979175362,-16.620516016949036,1.2178471911961517,1.2367652340202684,-2.918972243913286,0.12498234459807744,-0.23635588623217998,0.4309802435782242
10.8,22.669106832485333,-34.197395454007456,-116.02750272947475,-8.059773926498142,7.529201039776177,-16.493440919793883,1.2143316565251223,1.2124411209212516,-2.929180585227995,0.11854265117923356,-0.231473641410141,0.43328964150303584
10.850000000000001,22.26660562252215,-33.816927669217634,-116.84902588026254,-8.039802604090474,7.689038704499987,-16.36771663777688,1.21206591970716,1.1880861070391833,-2.9377998934733855,0.11223718375044042,-0.22644432938002718,0.43558348813264364
10.9,21.865172636062457,-33.42853863488522,-117.66429821383139,-8.017066625153161,7.846053206395268,-16.24342088280556,1.2108066358105862,1.1637083873484377,-2.945076054125974,0.1060698830235876,-0.2212710932981496,0.4378615540842967
10.950000000000001,21.464942858261505,-33.03236916851599,-118.47339301401401,-7.9916959936306675,8.000258434761754,-16.12062726753423,1.2103651568552507,1.139314525501931,-2.9512001088868125,0.10004460336087247,-0.21595716626866365,0.44012361155329577
11.0,21.066044759979324,-32.62855935475809,-119.27638714363849,-7.963821260947812,8.151669790715802,-15.99940534806712,1.2105931375281742,1.1149098510402564,-2.956322649903276,0.09416511036596008,-0.21050586932298587,0.4423694343357815
11.05,20.668600272907426,-32.217248473375825,-120.07336084286804,-7.9335734266631075,8.300304044993103,-15.879820670947252,1.211372433470746,1.090498738789655,-2.960563921326151,0.0884350785305788,-0.20492060934425751,0.44459879785134526
11.100000000000001,20.272724769543743,-31.798574934273642,-120.86439752998619,-7.901083843881717,8.44617919816793,-15.761934824031071,1.2126078753679654,1.0660848097088458,-2.964021044947882,0.08285808893810928,-0.19920487693816258,0.4468114791654975
11.15,19.87852704778393,-31.372676219445296,-121.64958360481292,-7.866484129168772,8.589314343448114,-15.645805490869858,1.2142220103664259,1.041671078207449,-2.966773278372612,0.07743762702550656,-0.1933622442513936,0.4490072570119453
11.200000000000001,19.486109319910604,-30.939688831716,-122.42900825491864,-7.829906076690801,8.729729532185173,-15.531486508236073,1.2161512150397376,1.0172600622639951,-2.96888590147735,0.0721770804050236,-0.18739636273919755,0.451185911814735
11.25,19.09556720577601,-30.49974825013863,-123.202763264785,-7.791481576301533,8.86744564221974,-15.419027926447946,1.2183427811206375,0.9928538672269248,-2.9704131299235397,0.0670797367470609,-0.18131096088332455,0.4533472257102048
11.3,18.70698972998812,-30.052988891899613,-123.97094282804427,-7.751342535278439,9.002484249163526,-15.308476072159909,1.2207527020607292,0.9684542506943424,-2.971400327636934,0.062148781725474125,-0.17510984186184025,0.45549098256876464
11.350000000000001,18.320459322925064,-29.599544080585563,-124.7336433629127,-7.709620803408126,9.134867500700793,-15.199873613300339,1.2233439717884407,0.9440626735876121,-2.9718857068641746,0.05738729702664551,-0.16879688117227767,0.45761696801651164
11.4,17.93605182541813,-29.13954602065796,-125.4909633309178,-7.666448101112199,9.264617993974724,-15.093259625851855,1.226085262761121,0.9196803410140989,-2.9719016486891614,0.052798258423519255,-0.16237602420957709,0.4597249694566781
11.450000000000001,17.553836496959047,-28.673125777980328,-126.24300305900434,-7.621955950300376,9.391758656107108,-14.988669662183188,1.2289498883123884,0.8953082354839825,-2.9714757389869453,0.048384533915844165,-0.15585128380032942,0.4618147760908738
11.5,17.17387602730311,-28.200413266240417,-126.98986456508975,-7.576275607634554,9.516312627883648,-14.886135820655468,1.2319149804817544,0.8709471443363149,-2.970631588606677,0.04414888193776238,-0.1492267376949034,0.46388617894017936
11.55,16.796226551355478,-27.721537239108574,-127.73165138712598,-7.529537999886113,9.638303150621926,-14.78568681623971,1.2349608328642918,0.8465976827334022,-2.969389488223966,0.04009394963388231,-0.14250652601897454,0.46593897086603486
11.600000000000001,16.42093766724394,-27.23662528797308,-128.46846841571232,-7.481873661068981,9.757753456224622,-14.68734805189622,1.23807037104991,0.822260313231117,-2.9677669352706113,0.036222271204901534,-0.1356948486860885,0.467972946590956
11.65,16.048052457497263,-26.745803845093395,-129.20042173029103,-7.4334126710328645,9.874686660407185,-14.591141690480683,1.2412287225911887,0.7979353626806026,-2.965779060979539,0.032536266323813574,-0.1287959627728461,0.46998790271906726
11.700000000000001,15.677607513263885,-26.249198192013107,-129.92761843894695,-7.384284595204467,9.989125659076699,-14.497086726955661,1.2444228652528218,0.7736230370338353,-2.9634389787677837,0.029038238623682003,-0.12181417985837967,0.4719836377564344
11.75,15.309632961521302,-25.746932473075876,-130.65016652182072,-7.334618425169472,10.101093027827345,-14.405199060700257,1.247641337304851,0.7493234344912615,-2.960758070170143,0.02573037425795057,-0.11475386332973847,0.4739599521312155
11.8,14.944152495241633,-25.23912971388959,-131.36817467813606,-7.2845425197944405,10.210610924507604,-14.31549156772454,1.250873997341255,0.7250365573302536,-2.9577462208155265,0.022614740534173755,-0.10761942565493263,0.47591664821362484
11.850000000000001,14.581183406493716,-24.725911844586477,-132.08175217683132,-7.234184546595549,10.317700994805268,-14.227974172609219,1.2541118238932443,0.7007623226787368,-2.9544120161488063,0.01969328462201055,-0.100415325625273,0.47785353033568123
11.9,14.220736622476554,-24.2073997277298,-132.7910087107779,-7.183671423070123,10.422384280788457,-14.14265392000472,1.257346747214619,0.6765005724422308,-2.9507629044913495,0.01696783233631048,-0.09314606556877592,0.4797704048107843
11.950000000000001,13.862816744492854,-23.68371319072102,-133.49605425455923,-7.133129257717186,10.524681132334207,-14.059535045537338,1.2605715072237884,0.6522510825498966,-2.9468053334243676,0.01444008699603351,-0.08581618853634942,0.4816670799530886
12.0,13.507422089884798,-23.154971062564837,-134.19699892577728,-7.0826832904845975,10.624611121370888,-13.978619045983551,1.2637795328220354,0.6280135716525247,-2.9425448642421865,0.012111628359734415,-0.07843027546254269,0.4835433660966558
12.05,13.154544736967052,-22.62129121485343,-134.89395284984698,-7.032457832392752,10.722192958856649,-13.899904748586785,1.2669648387635217,0.6037877093802426,-2.937986268264355,0.009983911638267534,-0.07099294230260397,0.4853990756144367
12.100000000000001,12.804170573004123,-22.082790606835,-135.5870260282325,-6.982576204098054,10.81744441441345,-13.823388379403804,1.2701219369975432,0.5795731242482307,-2.9331336080479815,0.008058266585324323,-0.06350883714766589,0.48723402293702994
12.15,12.456279345290737,-21.53958533443595,-136.27632821007447,-6.9331606731735205,10.910382238534915,-13.749063630580771,1.2732457599879135,0.5553694112835692,-2.9279903059545123,0.0063358966663807975,-0.05598263731982569,0.48904802457122604
12.200000000000001,12.110844715404616,-20.99179068311002,-136.9619687671526,-6.884332389898615,11.001022087286296,-13.676921726471434,1.2763315939755309,0.531176139434501,-2.9225592020609126,0.0048178783065705765,-0.0484190464489934,0.49084089911837936
12.25,11.767834316711081,-20.439521184391797,-137.64405657212333,-6.836211321365794,11.089378449416282,-13.606951488522217,1.279375020516156,0.5069928588141336,-2.916842603035816,0.003505160217952499,-0.04082279153325524,0.49261246729252545
12.3,11.42720981520813,-19.882890676035988,-138.32269987996983,-6.788916183727079,11.175464575803195,-13.539139398860993,1.2823718649173983,0.4828191078233615,-2.910842323305497,0.0023985628066011963,-0.03319861998466431,0.49436255193832307
12.350000000000001,11.088926973809054,-19.32201236562751,-138.99800621259786,-6.742564372420181,11.259292411162301,-13.473469662538042,1.2853181504329434,0.4586544201921463,-2.9045597195963566,0.0014987776598788614,-0.025551296662260567,0.4960909780487703
12.4,10.752935720167313,-18.756998897551163,-139.67008224650897,-6.697271890230121,11.340872527946464,-13.40992426837922,1.2882100572604684,0.43449833197391186,-2.8979957197476525,0.0008063671142135831,-0.017885600894190667,0.4977975727826895
12.450000000000001,10.419180218155121,-18.187962423212678,-140.3390337034813,-6.653153273058928,11.420214062379197,-13.348483048422512,1.2910438855419675,0.41035038852446526,-2.891150846530963,0.00032176390365691685,-0.010206323490778924,0.49948216548203384
12.5,10.087598943113193,-17.615014674405966,-141.00496524418622,-6.610321513292592,11.497324652567247,-13.289123735920157,1.2938160216886774,0.38621015149433835,-2.884025237083938,4.5270889441251586e-05,-0.002518263750433048,0.5011445876889378
12.55,9.75812476099421,-17.03826703972364,-141.667980364669,-6.5688879806710645,11.572210378649194,-13.231822021899097,1.2965229074531648,0.36207720586162717,-2.8766186584595217,-2.2939129300484075e-05,0.0051737735397658,0.5027846731625648
12.600000000000001,9.43068501152687,-16.457830643909936,-142.32818129562168,-6.528962340583527,11.644875704946942,-13.176551610282981,1.2991610112528855,0.3379511670311677,-2.8689305197035346,0.00011717647647333983,0.012864981106899693,0.5044022578957329
12.65,9.105201595530847,-15.873816430056474,-142.98566890437613,-6.490652469727372,11.715323424098623,-13.123284271588982,1.3017268013161705,0.31383168802515116,-2.8609598807996526,0.00046553013907214315,0.020550552196599327,0.5059971801313181
12.700000000000001,8.781591066515707,-15.286335244542023,-143.64054259954702,-6.454064369085273,11.783554603163898,-13.071989895222552,1.3042167202758883,0.28971846678998314,-2.852705458758662,0.0010219041487926237,0.028225683577105018,0.5075692803784277
12.75,8.459764726698669,-14.695497924617651,-144.2929002382549,-6.419302074190262,11.849568531706252,-13.022636540402784,1.306627160880214,0.26561125364428356,-2.8441656310760774,0.0017859507899933161,0.03588557854114552,0.5091184014283446
12.8,8.139628727577254,-14.101415388537962,-144.94283803586228,-6.3864675626639205,11.913362671871068,-12.975190485760292,1.3089544425257076,0.24150985889337784,-2.835338436737004,0.0027571925583901075,0.043525449903706624,0.510644388370253
12.850000000000001,7.821084175193233,-13.504198728137865,-145.59045047815746,-6.355660659027475,11.974932610493424,-12.929616277658555,1.311194788346704,0.2174141606364201,-2.8262215749080397,0.003935022459495731,0.05114052299387519,0.5121470886067327
12.9,7.5040272402239445,-12.90395930375221,-146.23583023592371,-6.326978936799806,12.03427201328513,-12.88587677729832,1.313344302617937,0.19332411279340958,-2.8168124014218296,0.00531870438796255,0.0587260386388541,0.5136263518690141
12.950000000000001,7.18834927303597,-12.300808841372756,-146.87906808183465,-6.300517617910126,12.091372581166759,-12.843933206673126,1.3153989482452555,0.16923975338080152,-2.8071079231296676,0.006907373587622555,0.06627725613828186,0.5150820302320004
13.0,6.873936923834504,-11.694859531933236,-147.52025280962027,-6.276369469466278,12.146224008826879,-12.803745193452118,1.3173545241329796,0.14516121306618276,-2.797104790170452,0.008700037191942166,0.07378945622702361,0.5165139781290704
13.05,6.5606722680393075,-11.08622413260875,-148.15947115545202,-6.254624697932364,12.198813945607561,-12.765270814874155,1.3192066422264301,0.12108872403458655,-2.7867992861797144,0.010695574844519658,0.08125794402455644,0.5179220523666286
13.100000000000001,6.2484329370152185,-10.475016070010348,-148.79680772149968,-6.235370840781633,12.249127958832107,-12.72846664074478,1.3209507040349442,0.09702262920147883,-2.7761873164397586,0.012892739399282097,0.08867805196911899,0.5193061121384238
13.15,5.937092254281525,-9.861349545149434,-149.4323449016178,-6.218692655702372,12.297149499707823,-12.693287775634834,1.3225818764446127,0.07296339181027806,-2.765264393950766,0.015290157699903061,0.09604514273477985,0.5206660190396288
13.200000000000001,5.626519377320396,-9.245339640039578,-150.06616280912428,-6.204672007445932,12.342859871953477,-12.659687900386409,1.3240950666313451,0.04891160545550248,-2.754025623382596,0.0178863314379852,0.10335461212961654,0.5220016370806915
13.25,5.316579445099788,-8.627102425795414,-150.69833920663928,-6.193387752417052,12.386238203317482,-12.627619313038462,1.325484895883939,0.02486800457630538,-2.742465682847656,0.020679638089450156,0.11060189197319384,0.5233128327009182
13.3,5.007133731420998,-8.006755072079592,-151.32894943795822,-6.184915621117359,12.427261420168927,-12.597032969290632,1.3267456721437854,0.0008334754692960501,-2.7305788034163325,0.023668331928568036,0.11778245295152066,0.5245994747818401
13.350000000000001,4.698039804195202,-7.384415957739275,-151.95806636193916,-6.179328098563436,12.465904225359083,-12.567878522629746,1.327871361062863,-0.0231909321258009,-2.718358746277867,0.026850545118975926,0.12489180744771707,0.5258614346603199
13.4,4.389151690747003,-6.760204782463406,-152.58576028839073,-6.1766943028111365,12.502139079565815,-12.540104364248997,1.328855555374892,-0.04720399280887235,-2.7057987774309993,0.030224288881013167,0.13192551234664665,0.527098586141424
13.450000000000001,4.080320049236179,-6.134242679280987,-153.21209891595356,-6.177079861728087,12.535936186347312,-12.513657662894992,1.3296914423660833,-0.07120429260590817,-2.692891639770107,0.03378745473464889,0.13887917181170586,0.5283108055110346
13.5,3.7713923462814507,-5.506652327708982,-153.8371472719753,-6.180546788166495,12.567263481144613,-12.488484404782586,1.330371769221953,-0.0951902152881025,-2.6796295224137867,0.037537815817211356,0.14574844003207782,0.5294979715482215
13.55,3.462213040862239,-4.877558067346149,-154.46096765438597,-6.187153353698694,12.596086624484377,-12.464529433721745,1.3308888060153334,-0.11915992784512043,-2.6660040271038605,0.04147302827510224,0.15252902393872847,0.5306599655373749
13.600000000000001,3.1526237745660053,-4.247086011696294,-155.083619575588,-6.196953961088243,12.622368999644143,-12.441736491604622,1.3312343060881684,-0.14311136502596306,-2.6520061314836187,0.0455906327286329,0.15921668588743446,0.5317966712800654
13.65,2.842463568239844,-3.615364161991052,-155.70515970838295,-6.209999015680061,12.646071715051793,-12.420048259404378,1.3313994635661555,-0.16704221285182697,-2.63762614904483,0.049888055809054435,0.16580724630716911,0.5329079751066613
13.700000000000001,2.531569025095574,-2.9825225207685215,-156.32564183396403,-6.226334795903987,12.667153611699028,-12.399406398840267,1.3313748677310713,-0.19094989099531734,-2.6228536855138276,0.054362611766827926,0.17229658631220549,0.5339937658877065
13.75,2.21977454030755,-2.3486932049499245,-156.9451167920118,-6.2460033230974785,12.685571275855215,-12.379751594865857,1.3311504539610608,-0.21483153390924167,-2.607677591428078,0.05901150415013215,0.17868065027627428,0.5350539350450296
13.8,1.9069125171318664,-1.7140105581420024,-157.56363243293816,-6.269042230864842,12.701279057372892,-12.361023599139141,1.3307154509347694,-0.2386839705758912,-2.592085910636464,0.06383182755255742,0.18495544836721253,0.5360883765625961
13.850000000000001,1.592813589564424,-1.0786112618782102,-158.1812335723319,-6.295484634202607,12.714229093879482,-12.343161274634532,1.3300583237816095,-0.2625037027341178,-2.5760658244396564,0.06882056942888484,0.19111705904046186,0.5370969869971202
13.9,1.2773068515435604,-0.4426344454970028,-158.7979619476665,-6.325358998633362,12.724371341151198,-12.326102641557405,1.3291667128485258,-0.2862868814265404,-2.55960359107218,0.07397461197783178,0.19716163148992477,0.5380796654883955
13.950000000000001,0.9602200926904814,0.19377820565929116,-159.41385617733962,-6.358689009603618,12.731653609964718,-12.309784924721857,1.3280273677444818,-0.3100292816927891,-2.542684480216198,0.07929073409057798,0.20308538805457613,0.5390363137693943
14.0,0.641380040567618,0.830482344056243,-160.02895172212158,-6.395493442415118,12.73602160971985,-12.294144602551684,1.3266260763190096,-0.33372627521675663,-2.5252927022300473,0.08476561336384825,0.20888462657939083,0.5399668361760834
14.05,0.3206126094212028,1.467330856135538,-160.64328084909752,-6.43578603297342,12.737418999122065,-12.279117457863212,1.3249475882324493,-0.3573728007163348,-2.5074113317740503,0.09039582817631116,0.21455572272906673,0.5408711396569995
14.100000000000001,-0.002256844640207034,2.104173761199718,-161.25687259819676,-6.4795753496525705,12.73578744420738,-12.264638630586479,1.32297553278544,-0.3809633318430832,-2.4890222255245265,0.09617785982698278,0.22009513225310826,0.5417491337825457
14.15,-0.32740326209485565,2.7408581133874597,-161.86975275140966,-6.526864666590229,12.731066683983578,-12.25064267257842,1.3206923306969929,-0.4044918423367793,-2.4701059336874276,0.10210809473429402,0.22549939320088006,0.5426007307540408
14.200000000000001,-0.6550016121642798,3.377227907126835,-162.48194380480078,-6.577651838743656,12.723194603951084,-12.23706360467798,1.3180790995581693,-0.42795176815599756,-2.4506416050596496,0.10818282669446459,0.23076512808520794,0.5434258454124997
14.25,-0.9852266187738125,4.0131239864668675,-163.09346494343367,-6.631929179053515,12.712107317754073,-12.223834976148563,1.315115552747245,-0.45133596628104633,-2.4306068854440803,0.11439825919775973,0.23588904599319505,0.5442243952471452
14.3,-1.318252480431516,4.648383958699841,-163.70433201933068,-6.68968333807934,12.697739257197325,-12.210889926647898,1.311779891678875,-0.4746366698602328,-2.409977809310408,0.1207505078011858,0.24086794464293917,0.544996300403657
14.350000000000001,-1.6542525841585825,5.282842112698194,-164.31455753259692,-6.7508951864877815,12.680023270847167,-12.198161250859044,1.3080486913826035,-0.49784543934521813,-2.3887286847160514,0.12723560255614394,0.24569871238485483,0.5457414836921628
14.4,-1.9933992136237326,5.9163293424002585,-164.92415061584532,-6.815539700792155,12.658890731415454,-12.185581465909168,1.303896779575628,-0.5209531092372036,-2.3668319716708077,0.13384949048950812,0.2503783301463532,0.5464598705949549
14.450000000000001,-2.3358632516545095,6.548673075888521,-165.53311702206454,-6.883585852759403,12.634271652103854,-12.173082881694565,1.2992971096242545,-0.5439497300442976,-2.3442581543581555,0.1405880381366115,0.25490387331866005,0.5471513892739429
14.5,-2.6818138773196045,7.179697210512373,-166.1414591160782,-6.954996502918077,12.606094812061972,-12.160597674221371,1.2942206280943622,-0.5668245050336755,-2.320975607931999,0.1474470341245225,0.25927251358460435,0.5478159705778333
14.55,-3.0314182577984736,7.809222054514335,-166.7491758697487,-7.029728298618305,12.574287891086778,-12.148057962061369,1.288636137993694,-0.589565721352813,-2.296950461010233,0.15442219180402186,0.26348152068622427,0.5484535480490501
14.600000000000001,-3.3848412352774715,8.437064275624433,-167.3562628610835,-7.107731577111709,12.538777613662754,-12.135395886011327,1.2825101593326331,-0.6121606750958575,-2.2721464555105833,0.1615091519286101,0.26752826413109526,0.5490640579303774
14.65,-3.7422450091355537,9.063036857091612,-167.9627122774062,-7.188950274135795,12.499489902411915,-12.12254369203233,1.2758067893052583,-0.6345955899090633,-2.2465248061496714,0.16870348537889862,0.27141021483628536,0.5496474391713374
14.700000000000001,-4.1037888137072125,9.686949061623773,-168.56851292275786,-7.2733218385031195,12.45635004099062,-12.10943381753261,1.2684875652545542,-0.6568555287696622,-2.220044062788815,0.1760006959306702,0.2751249467089721,0.5502036334342921
14.75,-4.4696285919357175,10.308606403708945,-169.17365022969722,-7.360777153210554,12.409282846435866,-12.095998981043483,1.2605113346765844,-0.6789242986440696,-2.192659979901603,0.18339622306486167,0.2786701381626495,0.5507325851002765
14.8,-4.839916665255841,10.92781063078942,-169.77810627567032,-7.45124046359784,12.358212850927641,-12.082172275323112,1.251834137886128,-0.7007843478448776,-2.1643253988067115,0.19088544481774636,0.28204357356806636,0.5512342412745668
14.850000000000001,-5.214801400072039,11.544359713758022,-170.3818598041215,-7.5446293130972535,12.303064492895958,-12.06788726390698,1.242409110664033,-0.7224166560755824,-2.134990150008009,0.19846368066951636,0.28524314463790057,0.5517085517919609
14.9,-5.594426871225425,12.158047847241125,-170.9848862505181,-7.640854487127324,12.24376231736162,-12.053078081107243,1.2321864162908243,-0.7438006173948736,-2.104600985069232,0.20612619446944616,0.2882668517443844,0.5521554692218071
14.950000000000001,-5.978932522870781,12.768665460126499,-171.58715777346134,-7.739819965692997,12.180231185358517,-12.037679535445465,1.2211132188976181,-0.7649139166701479,-2.0731015499781025,0.21386819739583598,0.29111280516900084,0.5525749488727304
15.0,-6.368452827213149,13.375999236785336,-172.18864329105392,-7.841422885262109,12.112396492242596,-12.021627216484793,1.209133713082051,-0.7857324005487085,-2.0404324149725843,0.22168485094887316,0.29377922628350217,0.5529669487971172
15.05,-6.7631169415821955,13.979832149427029,-172.78930852269315,-7.945553510493419,12.040184394648684,-12.00485760500831,1.1961892282726334,-0.8062299445855978,-2.006531179338964,0.22957126997452645,0.2962644486614853,0.5533314297952996
15.100000000000001,-7.163048364351381,14.579943502012155,-173.3891160364554,-8.052095216394475,11.963522045811212,-11.98730818647027,1.1822184303724785,-0.8263783189640937,-1.9713326737403776,0.23752252571761798,0.2985669191198641,0.5536683554194844
15.15,-7.568364590237914,15.176108986133796,-173.9880253022329,-8.160924481487976,11.882337838918748,-11.968917567626237,1.16715764770453,-0.8461470562664682,-1.9347692871270685,0.24553364890213422,0.30068519868954996,0.55397769197739
15.200000000000001,-7.979176765548341,15.76810074925965,-174.58599275077935,-8.271910892563039,11.796561658125349,-11.949625596226703,1.1509413530514419,-0.8655033260366789,-1.8967714500522863,0.2535996328368595,0.30261796351476233,0.5542594085356141
15.25,-8.395589343963316,16.355687475707317,-175.1829718388139,-8.38491716158242,11.70612513679422,-11.929373483636994,1.1335028383290928,-0.884411822456495,-1.85726831096525,0.26171543654439383,0.3043640056804016,0.5545134769227413
15.3,-8.817699743483466,16.938634480702742,-175.77891312032597,-8.499799155308333,11.610961922501236,-11.908103930223765,1.1147751226501943,-0.9028346733525954,-1.8161886462718473,0.2698759879115974,0.30592223396694745,0.5547398717321416
15.350000000000001,-9.245598005186086,17.51670381784699,-176.3737643242148,-8.616405938197683,11.51100794827777,-11.885761253325729,1.094692137457526,-0.9207313809600248,-1.7734620478786638,0.27807618685950597,0.3072916745324467,0.5549385703245225
15.4,-9.679366454469553,18.089654400289216,-176.96747043838766,-8.734579829102296,11.406201709524286,-11.862291517603115,1.0731902329417902,-0.9380588073408029,-1.7290204324732987,0.2863109085307035,0.3084714715211212,0.5551095528301899
15.450000000000001,-10.119079365488691,18.65724213587415,-177.55997380043024,-8.854156472290718,11.296484545978336,-11.837642667537073,1.0502100466400972,-0.9547712199850547,-1.6827999134769158,0.29457500649220153,0.3094608875982577,0.5552528021510366
15.5,-10.564802629509506,19.219220076500406,-178.15121419494994,-8.974964923285496,11.181800928073484,-11.811764661826711,1.0256987660979648,-0.9708204157043653,-1.6347430675938348,0.30286331595177735,0.3102593044110184,0.5553683039622523
15.55,-11.016593427935822,19.77533858189156,-178.74112895768064,-9.096827749983088,11.062098746979295,-11.784609609407841,0.9996128006495784,-0.9861559431423373,-1.5848016110568464,0.3111706569858168,0.3108662229748789,0.5554560467137496
15.600000000000001,-11.47449991078285,20.325345497945364,-179.32965308642193,-9.219561149492868,10.93732960756729,-11.756131906793868,0.971920850566051,-1.0007254456115757,-1.5329394738639233,0.3194918377765865,0.3112812639854983,0.5555160216313266
15.65,-11.938560881393737,20.868986349787672,-179.9167193588714,-9.342975081096771,10.807449123504018,-11.726288376415578,0.9426073232861135,-1.0144751459044385,-1.4791362217686452,0.32782165785695994,0.31150416805575065,0.5555482227175386
15.700000000000001,-12.408805488214263,21.40600454961664,-180.50225845739115,-9.466873415692005,10.672417213630412,-11.695038405613204,0.9116759955344435,-1.0273504924741534,-1.4233907248793336,0.336154911360536,0.3115347958778515,0.5555526467523106
15.75,-12.885252924457895,21.936141619379807,-181.086199100732,-9.591054102035903,10.53219839874684,-11.662344085911055,0.8791537582529778,-1.0392969811475763,-1.365724909843807,0.3444863902751353,0.3113731283104067,0.5555292932932377
15.8,-13.36791213650834,22.45913742828175,-181.6684681827203,-9.71530935006453,10.386762097886095,-11.628170352182773,0.8450942129131268,-1.0502611576058247,-1.3061873642408883,0.35281088769763425,0.31101926639038296,0.5554781646756479
15.850000000000001,-13.856781541919057,22.974730445073238,-182.2489909178918,-9.839425831505208,10.236082923122503,-11.59248512129424,0.8095808213779541,-1.0601917928590432,-1.244856495402405,0.36112320108811824,0.31047343126996374,0.5553992660123604
15.9,-14.351848757879035,23.482658005024494,-182.8276909940364,-9.963184897948153,10.080140971934469,-11.555259429792015,0.7727292596099347,-1.0690412070385469,-1.181842894017186,0.36941813552129904,0.30973596407832854,0.5552926051931748
15.950000000000001,-14.853090341021009,23.982656591435212,-183.4044907315951,-10.086362816484181,9.918922116110679,-11.516467570188237,0.7346886038163607,-1.0767666970904513,-1.1172905311659551,0.37769050693316303,0.3088073257084703,0.5551581928840851
16.0,-15.360471539452266,24.47446213148283,-183.97931124982833,-10.208731022954446,9.752418286166522,-11.476087225378759,0.6956410020655017,-1.0833320034798424,-1.0513764418776206,0.385935145360856,0.30768809652914175,0.554996042526211
16.05,-15.873946057888865,24.957810306158166,-184.5520726396502,-10.330056392794578,9.580627750217285,-11.434099600719309,0.6557995668714481,-1.088708732897503,-0.9843086307623873,0.3941468981737372,0.30637897602214403,0.5548061703344521
16.1,-16.39345583677149,25.432436873984305,-185.12269414299985,-10.450101529389299,9.403555386238068,-11.390489553274305,0.6154043672495825,-1.0928776419021788,-0.9163220782807193,0.4023206332936016,0.3048807823451837,0.554588595295869
16.150000000000002,-16.918930846235064,25.898078008160603,-185.6910943385953,-10.568625069784328,9.22121294662737,-11.345245717743408,0.574716591077017,-1.0958296839872803,-0.8476729185384851,0.4104512424020664,0.30319445182053806,0.554343339167784
16.2,-17.450288895794465,26.35447064671928,-186.25719133389046,-10.685382007529581,9.033619313982433,-11.29836062856091,0.5340111640950563,-1.0975667321614835,-0.7786310749995267,0.41853364413310046,0.3013210383498938,0.5540704264756082
16.25,-17.987435460595293,26.801352855227428,-186.82090296303022,-10.800124032351032,8.84080074699049,-11.249830837652482,0.4935683131067149,-1.0981019111485668,-0.7094718417202015,0.42656278724871743,0.2992617127556846,0.5537698845103795
16.3,-18.530263525061283,27.238464201512617,-187.38214699057207,-10.912599886268584,8.642791115342298,-11.199657027322978,0.4536647076458513,-1.0974595055431495,-0.6404670444303839,0.434533653795827,0.297017762049377,0.5534417433260478
16.35,-19.078653444748774,27.665546141836128,-187.94084132071717,-11.022555735694501,8.439632122583403,-11.147844117739558,0.41456487483483717,-1.0956744481355345,-0.5718764762211314,0.4424412622423018,0.2945905886271158,0.5530860357364558
16.400000000000002,-19.63247282719336,28.0823424178841,-188.4969042117667,-11.129735558963215,8.23137351583506,-11.094401368467855,0.3765135426846798,-1.0927914301569055,-0.5039402631304317,0.4502806705902664,0.29198170939328183,0.5527027973120643
16.45,-20.19157643250459,28.488599463894243,-189.05025449549282,-11.233881548659669,8.018073281340085,-11.039342473516786,0.3397294366519026,-1.088863706444918,-0.436872684471743,0.45804697946468736,0.28919275481247625,0.5522920663764
16.5,-20.75580609443107,28.88406682318422,-189.60081180108693,-11.33473452803126,7.799797824818651,-10.98268564935018,0.3044008614435046,-1.0839516890177723,-0.37085777991852753,0.465735335175323,0.28622546789052844,0.5518538840022137
16.55,-21.324990662580838,29.268497573297907,-190.1484967833205,-11.432034380688133,7.576622135654369,-10.924453715330305,0.270683184219126,-1.0781214302333038,-0.30604685950568356,0.47334093275012107,0.2830817030851745,0.5513882940073755
16.6,-21.898945966440323,29.641648758937585,-190.6932313545284,-11.525520492718256,7.348629933971601,-10.86467416606868,0.23869813538154042,-1.0714430921776468,-0.24255783273896592,0.4808590189381687,0.27976342514708247,0.5508953429504984
16.650000000000002,-22.477474801789533,30.003281831804173,-191.23493891999726,-11.614932206267246,7.115913799710879,-10.803379235172274,0.20853468813604367,-1.0639894848326503,-0.18047611797933505,0.48828489518032286,0.27627270789194847,0.5503750801262762
16.7,-23.06036694006183,30.353163096424076,-191.77354461631685,-11.700009283558378,6.8785752828609406,-10.740605949887685,0.1802511823890884,-1.0558347356774986,-0.11985679764347235,0.4956139205456576,0.27261173290443125,0.5498275575605583
16.75,-23.64739916114338,30.691064161000543,-192.30897555222728,-11.780492380255856,6.6367249940636714,-10.676396176162001,0.15387832247303723,-1.0470531315414107,-0.06072764866081396,0.5028415146318873,0.2687827881747274,0.549252830005146
16.8,-24.238335310050736,31.016762392289735,-192.8411610514712,-11.856123527005037,6.390482674872427,-10.610796653656791,0.1294226913066576,-1.0377181529124007,-0.0030926907308171173,0.5099631604279738,0.2647882666686542,0.5486509549323144
16.85,-24.832926377864883,31.330041373467505,-193.37003289713726,-11.926646617917493,6.139977247014944,-10.543859020271285,0.10687047041136868,-1.0279017036217801,0.05306405828681171,0.5169744071371173,0.2606306648321266,0.5480219925290684
16.900000000000002,-25.430910607236843,31.63069136392238,-193.8955255769594,-11.991807904707576,5.88534684008911,-10.475639825752387,0.0861911196931818,-1.017673525859207,0.107774866049606,0.5238708729583503,0.2563125810309576,0.5473660056911264
16.95,-26.03201362271385,31.918509759883705,-194.4175765290159,-12.051356495131301,5.626738797202972,-10.406200533992905,0.06734083970336319,-1.0071007819191873,0.16108478590038033,0.5306482478250251,0.25183671392696005,0.5466830600166251
17.0,-26.635948586066295,32.19330155477175,-194.93612638725307,-12.105044854328609,5.364309658159147,-10.335607513645067,0.05026570286979092,-0.9962477794278243,0.21304848719673922,0.5373022960984626,0.24720586079138138,0.5459732237995628
17.05,-27.242416376724627,32.454879798138954,-195.45111922624037,-12.152629307627256,5.098225119877805,-10.263932016704059,0.034904393666630035,-0.9851758152367908,0.263727476025937,0.543828859215088,0.2424229157566873,0.5452365680229693
17.1,-27.851105797362415,32.70306605205855,-195.96250280454717,-12.193870543331219,4.828659973851148,-10.19125014474563,0.021190538885045573,-0.9739431138180881,0.31318772536383754,0.5502238582854029,0.2374908680078346,0.54447316635181
17.150000000000002,-28.461693804587192,32.937690843809236,-196.47022880611664,-12.22853411398937,4.555798020525442,-10.117642802532625,0.00905463837317773,-0.9626048380441965,0.3614977045621827,0.5564832966431577,0.23241279991412234,0.543683095125613
17.2,-29.073845764625037,33.15859411370179,-196.9742530789988,-12.25639093462185,4.279831960613491,-10.04319563873731,-0.0015743745868393028,-0.9512131530415174,0.4087267792803736,0.562603262343131,0.22719188510281269,0.5428664333508456
17.25,-29.687215733808472,33.365625656896654,-197.47453587079252,-12.277217776372593,4.000963263450675,-9.967998973559375,-0.01076790358319767,-0.9398173268794786,0.45494394249576986,0.5685799306059711,0.22183138647570969,0.5420232626929999
17.3,-30.30144676360067,33.55864555806975,-197.97104206013682,-12.290797754057643,3.719402012620499,-9.892147713053083,-0.018596745994619378,-0.9284638548799977,0.5002168328738039,0.5744095662085665,0.21633465416996647,0.5411536674684441
17.35,-30.916171229812715,33.73752461779812,-198.46374138358283,-12.29692080609054,3.4353667291905126,-9.81574125001106,-0.025130392295814687,-0.9171965971077073,0.5446109966439814,0.5800885258184262,0.21070512346434836,0.5402577346359734
17.400000000000002,-31.531011185595247,33.9021447695569,-198.9526086571709,-12.295384165289072,3.149084173015706,-9.73888335128628,-0.030436526022477855,-0.9060569210320836,0.5881893516607573,0.5856132602706529,0.20494631263229382,0.5393355537881259
17.45,-32.145578737711865,34.052399486244745,-199.4376239920332,-12.285992819102258,2.860789122683276,-9.661682031467574,-0.03458068667524189,-0.8950838434061557,0.6310118163586562,0.5909803167860529,0.19906182074312057,0.5383872171422168
17.5,-32.75947644552973,34.188194175186766,-199.9187730033372,-12.268559957843468,2.5707241347891556,-9.584249412857192,-0.037626062516938445,-0.8843141670922744,0.673135071007503,0.5961863411290075,0.1930553254127066,0.5374128195311206
17.55,-33.37229774209353,34.30944656060101,-200.39604701188549,-12.242907409575205,2.2791392833520034,-9.506701571731178,-0.03963338500892638,-0.8737826099164859,0.7146124234820335,0.6012280797037638,0.18693058050511377,0.5364124583937866
17.6,-33.98362737658307,34.41608705255806,-200.8694432376853,-12.208866060364011,1.9862918802834144,-9.429158370894365,-0.04066090119835558,-0.8635219236932485,0.75549375633769,0.6061023815878303,0.18069141378654183,0.5353862337654944
17.650000000000002,-34.59304187739269,34.50805910151173,-201.33896498480428,-12.166276258710521,1.6924461779428985,-9.351743278571146,-0.04076440451975941,-0.853563002378146,0.79582553614087,0.6108062005011986,0.17434172453309632,0.5343342482678519
17.7,-35.20011003501346,34.58531953753306,-201.80462181683035,-12.114988203060106,1.3978730549114764,-9.274583173700737,-0.03999730812642457,-0.843934978922351,0.8356508696514762,0.6153365967101595,0.16788548109387083,0.5332566070985316
17.75,-35.80439340384725,34.6478388934389,-202.2664297222582,-12.05486231141437,1.10284968621731,-9.197808137730973,-0.038410748002162716,-0.8346653108586777,0.8750095945800732,0.6196907388645537,0.16132671841085328,0.5321534180207549
17.8,-36.40544682203585,34.69560171107064,-202.72441126913057,-11.985769572193002,0.807659199339226,-9.121551233027544,-0.0360537057456582,-0.82577985497924,0.9139383952638078,0.6238659057672685,0.15466953549722476,0.5310247913525089
17.85,-37.00281894834931,34.728606830046665,-203.17859574826787,-11.907591875639321,0.5125903173978217,-9.045948268035875,-0.03297314311278604,-0.8173029316972967,0.9524709357692158,0.6278594880748959,0.14791809287560134,0.5298708399555184
17.900000000000002,-37.59605281514643,34.746867658384915,-203.6290193044281,-11.820222325221412,0.21793699101744268,-8.971137549350281,-0.029214142202161432,-0.8092573798436817,0.9906380046907233,0.6316689899284911,0.1410766099778573,0.5286916792239639
17.95,-38.184686396396934,34.750412424467356,-204.07572505474644,-11.723565528653834,-0.07600197959607397,-8.897259620859604,-0.024820046632575504,-0.8016646027494173,1.0284676673277595,0.6352920305134011,0.13414936250810228,0.5274874270729332
18.0,-38.76825318974094,34.739284409896875,-204.51876319381248,-11.617537868352288,-0.3689233307692985,-8.824456990150235,-0.01983260024208418,-0.7945446065247467,1.0659854220452452,0.638726345547197,0.127140679770513,0.5262582039266407
18.05,-39.346282811556776,34.71354216287749,-204.95819108475325,-11.502067751334959,-0.6605197280424291,-8.75287384235639,-0.01429208078641632,-0.7879160314716596,1.1032143585012726,0.6419697886947716,0.12005494196365638,0.5250041327063742
18.1,-39.91830160401437,34.67325969183044,-205.39407333569898,-11.377095838798793,-0.950480163780018,-8.682655741653873,-0.008237426871966783,-0.7817961775701032,1.1401753161056782,0.6450203329097377,0.11289657744301493,0.5237253388182112
18.150000000000002,-40.48383325310826,34.61852663904056,-205.8264818610187,-11.242575255825816,-1.2384903580805464,-8.613949320597914,-0.0017063569625116815,-0.77620102496346,1.1768870415915247,0.647876071701261,0.10567005995339904,0.522421950140476
18.2,-41.04239941669315,34.54944843420813,-206.2554959267231,-11.098471781912513,-1.5242331613846285,-8.546901957508373,0.0052645202205257695,-0.7711452503408991,1.2133663449701737,0.6505352203255527,0.0983799058330036,0.521094097010951
18.25,-41.593520361585526,34.466146427860174,-206.68120217944232,-10.944764023262495,-1.8073889572381412,-8.48166144210755,0.012639604201817704,-0.7666422400760348,1.2496282534263792,0.6529961169012826,0.0910306711908495,0.5197419122138407
18.3,-42.13671560884836,34.368758004650374,-207.10369465839582,-10.781443568037098,-2.0876360637521616,-8.418375629618026,0.02038421015256796,-0.762704100935198,1.285686162914945,0.655257223448197,0.08362694905936222,0.5183655309664984
18.35,-42.671504586442026,34.257436676646755,-207.52307478978355,-10.608515126017306,-2.364651132419359,-8.35719208353162,0.02846448493691594,-0.7593416691161842,1.3215519873633732,0.6573171268483076,0.07617336652386808,0.5169650909059001
18.400000000000002,-43.19740728850377,34.13235215676977,-207.93945136303643,-10.425996654390056,-2.638109543099694,-8.298257707267215,0.0368473313587383,-0.7565645183207439,1.357236305480802,0.6591745397290383,0.06867458183083092,0.5155407320748899
18.45,-43.71394494061008,33.99369041259807,-208.35294048837704,-10.233919471628145,-2.9076857941801997,-8.241718364946804,0.045500340006888025,-0.7543809675022551,1.3927485052348936,0.6608283012678031,0.06113528147658717,0.5140925969081579
18.5,-44.22064067048111,33.84165370080333,-208.76366553515194,-10.032328361680372,-3.1730538871474745,-8.187718491537796,0.05439172797108201,-0.7527980888646703,1.428096926095492,0.6622773779174731,0.05356017727844173,0.5126208302180155
18.55,-44.717020183702935,33.67646058250686,-209.1717570504111,-9.821281670920767,-3.4338877050904166,-8.136400692637885,0.06349028359925264,-0.7518217166206315,1.4632889991652964,0.66352086405231,0.045954003429938564,0.5111255791799084
18.6,-45.202612444171194,33.498345919866814,-209.57735265722397,-9.600851400514948,-3.689861384977304,-8.087905334219597,0.07276531638543185,-0.7514564569462079,1.4983313853304276,0.6645579825339571,0.038321513542142804,0.5096069933176945
18.650000000000002,-45.67695035909729,33.307560854203416,-209.98059693223973,-9.371123297038961,-3.9406496839277705,-8.042370122708101,0.08218661101135104,-0.7517056994976635,1.5332301115733438,0.6653880851971228,0.030667477672785826,0.5080652244886922
18.7,-46.13957146856351,33.10437276594824,-210.38164126201855,-9.132196944320382,-4.18592834012777,-7.999929675841455,0.09172438451184821,-0.752571630782664,1.5679907056017193,0.6660106532546638,0.022996679345138105,0.5065004268684994
18.75,-46.59001863976417,32.88906521665921,-210.7806436776869,-8.884185859551133,-4.425374429514296,-7.960715084860922,0.10134924549126996,-0.7540552496050607,1.6026183289634837,0.6664252976218105,0.015313912558456422,0.5049127569355738
18.8,-47.0278407662231,32.66193787327381,-211.17776866749915,-8.627217596732224,-4.658666719884872,-7.924853468703949,0.11103215428300453,-0.7561563847295407,1.6371179088433054,0.666631759159331,0.007623978791897886,0.5033023734555896
18.85,-47.45259347242916,32.42330641467601,-211.57318696692593,-8.361433860437273,-4.885486024660848,-7.892467521027644,0.12074438291485455,-0.7588737148407039,1.6714942687719279,0.666629908835484,-6.83159962509873e-05,0.5016694374655474
18.900000000000002,-47.863839824477004,32.17350242052586,-211.967075325935,-8.08699063270741,-5.105515559146956,-7.863675051079523,0.13045747371689992,-0.7622047908011832,1.7057522585289824,0.6664197478066619,-0.007758164372142815,0.5000141122576877
18.95,-48.2611510474342,31.91287324214229,-212.35961625318737,-7.804058315597353,-5.318441302772637,-7.8385885196577245,0.14014319538342934,-0.7661460601458857,1.7398968835839195,0.6660014074166652,-0.015440760430857757,0.4983365633631511
19.0,-48.64410725027156,31.64178185503951,-212.75099773693918,-7.51282189146308,-5.523952371459659,-7.817314571666965,0.14977349527383785,-0.7706928936848133,1.7739334344999902,0.6653751491146225,-0.023111302799937908,0.49663695853543116
19.05,-49.01229815928427,31.36060669249306,-213.14141294252371,-7.213481102497961,-5.721741404917423,-7.799953567079871,0.15932044670621842,-0.7758396140256518,1.807867616824125,0.6645413642915856,-0.030764997640093154,0.49491546773359185
19.1,-49.365323860988504,31.069741459256,-213.53105988638524,-6.906250650270568,-5.911504974298831,-7.786599112455271,0.16875618995850622,-0.7815795257696481,1.8417056821024502,0.6635005740359273,-0.03839706164118168,0.49317226310528073
19.150000000000002,-49.7027955554934,30.769594924259188,-213.92014108675477,-6.591360415080533,-6.092944016227156,-7.777337595542409,0.17805286564186107,-0.7879049470803289,1.8754545607985138,0.6622534288076778,-0.04600272501163923,0.491407518969508
19.200000000000003,-50.02433632131156,30.46059069081635,-214.30886319119352,-6.269055693820598,-6.265764299694058,-7.77224772590753,0.187182539045452,-0.7948072422742465,1.9091219980508105,0.6608007080320106,-0.05357723445943574,0.48962141179921603
19.25,-50.329581892473435,30.14316694252004,-214.69743658138734,-5.939597453711711,-6.429676932691647,-7.771400084948171,0.19611711396639378,-0.8022768550358285,1.942716693390036,0.6591433196121231,-0.061115856162726884,0.48781412020363335
19.3,-50.61818144864249,29.81777616266577,-215.08607495575484,-5.603262597771053,-6.584398915633963,-7.774856689099228,0.20482823442816708,-0.8103033418140109,1.9762484457473628,0.6572822993618251,-0.06861387872833703,0.4859858249104148
19.35,-50.88979841867955,29.48488482468844,-215.4749948906332,-5.260344236198516,-6.72965374859923,-7.782670570468074,0.21328717254966403,-0.8188754049157925,2.009728305326361,0.6552188103581961,-0.07606661613623661,0.4841367087475638
19.400000000000002,-51.14411129776958,29.144973050749638,-215.86441538102744,-4.911151956057046,-6.86517209913686,-7.794885379545267,0.2214647006485026,-0.8279809247700558,2.0431687341873266,0.6529541422146932,-0.08346941066814315,0.48226695662515795
19.450000000000003,-51.38081447779538,28.798534235290646,-216.25455736215062,-4.55601207972275,-6.990692536787707,-7.811535015001045,0.2293309454390243,-0.8376069907925207,2.0765837777091902,0.6504897102751863,-0.0908176358184455,0.4803767555168488
19.5,-51.599619090118495,28.446074630080687,-216.64564321324124,-4.195267900653929,-7.105962339523611,-7.832643285872052,0.23685522190894184,-0.8477399302377584,2.109989249457634,0.6478270547294194,-0.09810669918561998,0.47846629444117383
19.55,-51.80025385930755,28.088112887060916,-217.03789624541412,-3.829279883152233,-7.210738375993791,-7.858223611642497,0.24400584411920795,-0.8583653343746389,2.1434029324068584,0.6449678396504321,-0.10533204534233362,0.4765357644426466
19.6,-51.98246596564414,27.725179555131437,-217.431540175579,-3.45842581105599,-7.304788065756613,-7.8882787658043405,0.2507499097581544,-0.8694680812648122,2.1768447999466924,0.6419138519545797,-0.11248915868243059,0.47458535857265893
19.650000000000002,-52.146021913444464,27.357816526970492,-217.82679858873956,-3.0831008688188515,-7.3878904175799045,-7.922800668419351,0.25705305478044477,-0.8810323543567415,2.2103372606685205,0.6386670002847616,-0.11957356624304626,0.4726152718701745
19.700000000000003,-52.290708401378104,26.98657643203076,-218.2238943912568,-2.703717637296049,-7.459837143438273,-7.961770232983034,0.262879173859156,-0.89304165602669,2.2439054315770597,0.6352293138175793,-0.12658084050006344,0.47062570134221915
19.75,-52.4163331900622,26.612021972044197,-218.62304925791622,-2.3207059858952457,-7.520433843074143,-8.00515727249372,0.2681901016585679,-0.9054788150984833,2.277577445137018,0.6316029409951734,-0.13350660213516968,0.46861684594419234
19.8,-52.52272596128745,26.23472519569754,-219.02448307587042,-1.9345128426510905,-7.569501250999312,-8.052920469054346,0.2729452490771166,-0.918325987250505,2.3113847964530505,0.6277901481825162,-0.1403465227727879,0.4665889065599532
19.85,-52.60973916232118,25.85526670962426,-219.42841338872626,-1.5456018243370662,-7.606876534699909,-8.105007410583998,0.2771011875936614,-0.9315646470648088,2.345362737919356,0.6237933182510026,-0.1470963276851657,0.46454208598175545
19.900000000000002,-52.67724882786701,25.474234823498836,-219.83505484420309,-1.1544527099948068,-7.632414629695684,-8.16135469730514,0.28061117365359634,-0.9451755702817207,2.3795507298844027,0.6196149490892393,-0.15375179846394815,0.46247658888994875
19.950000000000003,-52.7251553714767,25.09222462781161,-220.24461864889574,-0.7615607432662055,-7.645989594136198,-8.221888119625083,0.2834246036321986,-0.9591388045844451,2.413992957279532,0.615257652041939,-0.16030877565654436,0.46039262183252305
